zcr,rms,spec_centroid,spec_bandwidth,spec_contrast,spec_rolloff,mean,std,skew,kurtosis,mfcc_1,mfcc_2,mfcc_3,speaker
1.072609046321152,1.0311922779581095,1.268749662469738,0.5325157447685651,0.39180007115469945,0.9066966465330681,0.08791457115860828,0.9390247576258697,0.6386365380922793,0.7483678739305402,1.020379654456522,0.2576156455384266,-1.0219059351208828,0
0.16856107475900536,1.6574170264232535,1.1905939824105312,0.746327758650766,0.1264755794663139,0.7950818186670229,3.696721949607419,1.4065974208806196,0.17316909955813325,1.1725676182921658,0.8671273161011174,0.1496119181448186,0.7908364014054233,0
0.7525561062252695,0.14815032509345266,1.2383651657247836,0.5151258345937973,0.200973587108314,1.3435052417806757,-0.2836030456687191,0.12472899456862487,0.8067838970341937,0.5824515694157105,0.47044642957860755,0.3971606870583084,-0.5252836563955806,0
0.7822805366982104,0.6198128662368523,0.7000239898498156,0.2518519099078967,0.26678008563116595,0.38087651214484397,0.6983506794131105,0.4492306286836165,0.8341803066807193,0.7770823662617304,0.37817414794895177,0.6276076293824224,-0.3132190015820773,0
1.7134613766569395,1.1580605276023062,1.816402155300162,0.757290402121617,0.22620449150753313,1.5593003652557578,0.2089965254043822,1.2232721046382218,0.14778173484810955,-0.03218273783080038,0.8560574329808776,0.00809435515139055,-1.140831132462228,0
0.7799520916815258,0.7286541362003173,0.9141558978446984,0.6787140170187438,0.6031749507962294,0.5024803072453783,-0.21908105297958158,0.4717368153959494,0.2885292821209129,-0.048009274112053156,0.614080992362181,0.6222939526785136,-0.03791134111636242,0
0.46099267996053006,0.21370009398161843,0.6247666536089073,0.011768355963595694,0.3521990108914485,0.45784570906058875,-0.6238053194940779,0.1816702604787133,0.7675228019421735,0.5272856099673383,0.39870976633366556,0.8082589598978114,-0.7117902016381731,0
1.2566786755088422,0.745003823833325,1.0710505320448043,0.6435337036210719,0.3728648674118481,0.7600537609856569,0.28265583765304186,0.6302912800175559,1.1321455068518544,1.5715418261189578,0.7476629933401435,0.6841631561295047,-0.32942274494211327,0
0.7880178198542469,0.43081250927176407,0.8508689376915467,0.31091397665547826,0.5880116669539917,0.5773014430948042,0.09443710827945098,0.4510816459887766,0.5906320431677275,0.7170477400390446,0.5624609783646637,0.2261242837195915,-0.17786154412505858,0
1.1711044123011776,0.7932925587239473,0.7591567378728764,0.4197789836229619,0.39480868980659867,0.28085232296516927,0.9717099817093946,0.6893940009953601,0.9283272869214467,1.607636868884183,0.7979775451179607,0.6663747826479951,-0.392243089716258,0
-0.059240416146266385,0.859811931344801,0.21538555252420197,0.029051286536630347,0.40776010906498567,-0.11094209137879134,-0.7584619954860686,0.7805567502272867,0.28546112139862667,0.21040476291389018,0.4226992745715529,-0.013361350234657387,0.21765217484843583,0
0.8188408790166453,0.8264061854899344,1.104147546523429,0.807214400755057,0.5117232938672102,0.7771096911435427,-0.15626067218289352,0.5834776328061317,0.7532406992519703,0.5429960344306258,0.7917468352319569,0.673425788711254,-0.27464540709508517,0
0.23898207852405268,0.8799107233574662,-0.016713763911094578,-0.3352661671486897,0.700348742906358,-0.39692966330863844,-0.3003422106893448,0.639163187151232,0.037089007571696773,-0.3196271322640785,0.5436816707562235,0.590832324376012,-0.1205025735152038,0
1.1754508490102908,0.6542093687973676,1.6239370374943622,0.9813527624277076,0.45742835777991053,1.101413377944492,-0.18935430947603596,0.5175382028261958,1.1815422789005954,1.3872689277076122,0.7411794551365833,0.5361161129493031,-0.3669317937793401,0
0.788769601785036,-0.009591347449232332,1.5934991213211749,1.0263304809051006,0.05378267207862126,1.7936594630437257,-0.5363980702410674,0.12734842799705284,0.19284098786943016,0.7873003837544693,0.1707369737014408,0.013028632186887889,0.00713493594200139,0
0.15168811414971356,0.08236690254658897,0.32640041376098416,0.31518927688764353,0.15058202437756685,-0.25258545618330835,-0.591630521134559,-0.13600551464825383,1.0443078943087283,0.5389851480205333,0.3997859419608193,0.9534872657296245,-0.059158877462110335,0
2.0346827600449706,0.1686761990978847,1.3926033585999082,0.4387156474106016,0.18535666999823028,0.8727372414589308,-0.8444229792624627,0.18285984328954777,0.2923080034576779,0.5888302986235465,0.21293061125598503,0.15449208018058921,-0.02570721369120431,0
0.36824158424929326,0.7933933301000493,-0.1426367256467176,-0.07390486267803238,0.8839590659984243,-0.6164116137167703,-0.6071075877448231,0.4510665588359771,0.20447592072514054,-0.5009707422909959,0.47260135570908846,0.6428038349100026,-0.1045942495411337,0
0.46648395667238435,1.1028330627486642,0.781172211205163,0.3324546372725281,0.6865345060130726,0.2631532433933995,-0.2884517501904907,0.8390644103862309,-0.3309764508069655,-0.7160026690913525,0.24074994126830018,-0.272250482277635,0.28966423584785767,0
1.100383212097567,0.7081929694869403,0.23291060254244514,-0.022945482247318887,1.3509348726598018,-0.11799098074698802,-0.13380348374597936,0.2548784651467174,0.8281229018495463,-0.20037851906575316,0.7845751920244557,1.0020046336711854,-0.4914906069384312,0
1.1117089703157723,0.25124526858276525,1.5506543251617004,0.7148033410444267,-0.11262519615828635,1.2411453328692692,0.35059925860849017,0.3069859640494701,0.23039206556386646,0.7517022445533287,0.2984052197889779,-0.18231848877619256,0.0816599043582229,0
0.0448259219454042,0.30451414152531797,0.2554860335358553,0.07276540630402822,0.3800577161335566,0.05686801731813121,0.06384373818032031,0.12747407262994534,0.6214505165914174,0.030352874404751852,0.2526101887604933,0.6977424530388845,0.07514324752558887,0
0.3411371607088356,0.4954696573780148,0.9477491120215233,0.33732211891556935,0.4442757335480789,0.4745910439354333,-0.2401901325689475,0.3938692276945261,0.5823411729720914,0.39756707161913485,0.6405439756970922,0.40327241134060043,-0.4729706700143546,0
-0.05185928446215601,1.0532281274618505,0.41239281226228636,0.6291456421710337,0.20563365792344923,0.016392684304766304,1.4001136712792832,0.8359403165950842,0.34214436571831836,-0.49335928559232894,0.40015083869847584,0.2657989039036538,1.3624763495167913,0
1.468861607655059,0.1413274856806511,1.6775639872841486,1.018121851656356,0.024954091256978086,1.4716576582209893,1.5218554806013942,0.11663850887986685,-0.04316961023970475,-0.21141757246164494,0.10643900510708298,-0.070831479944149,0.23612176298640117,0
0.41006551690699017,0.10836387163765698,0.47672943827861053,0.4719858919185,0.5019629391792598,-0.0887653863708351,0.13570714884827476,-0.19480725182613348,1.3734731390650952,0.5793194126603374,0.5233221248564811,0.9831803444806264,-0.08457410803465018,0
1.0565595102354604,-0.023545062108943134,1.5830929047510602,0.9473159283240747,-0.059235987414924945,1.2460245577362428,-0.8642306000675322,-0.04197792083359458,-0.0454093756029409,-0.16309483632589233,-0.0828386710107689,-0.19522283486480788,0.13257467855462443,0
0.31195943000068743,0.4328278674397974,0.4093171452177916,0.01988469939359999,0.35758859402063364,0.2542644399572176,-0.31196191129928746,0.2097524482334313,0.49096297112488585,-0.14221223415821851,0.4902696655554643,0.6540196146060545,-0.06317019662620292,0
0.9671188092483743,0.35010712073569056,1.8321796416314708,1.1136665105707784,0.18405341597763464,2.1748776381608352,-0.17470024484126778,0.4102692811853407,0.4401162551221279,0.36213051452747036,0.09071914084474537,-0.27095945299844687,-0.03460764401147249,0
0.35111223295623917,0.039628291636662434,0.6359648797831137,0.0923479278937737,0.4985418358097056,0.4374394127813523,1.5665990704683708,-0.17718655950216333,0.6405555111996162,0.05029146171316222,0.24103624297610513,0.8161213936218037,-0.615038061889465,0
0.2533772864710791,0.903885017432477,0.24565765158298902,-0.10388228423495827,0.7020738832376641,0.18423109649174893,-0.07400429667219267,0.6521467108047526,0.32899806397973613,-0.11690060783318919,0.2540383867444391,0.08230683323778938,0.6174327417907077,0
8.878611427692382,0.513686320275291,7.830078291770396,4.266450456462859,0.8217295363786792,6.978703067266519,-0.3360307429444556,0.2726336927471941,0.6843208315279762,0.3687490702436602,1.1417036508801415,-0.5260468576430597,0.4570146367058687,0
0.34697242045734344,0.49605788341133217,0.9302338209861702,0.4940009689377379,-0.05093139567531056,0.258523658270388,1.5712755764388457,0.448157628417142,0.205727477743133,0.03353403859986921,0.8620129989558264,0.5380633609339656,-0.6005475218835445,0
0.6710868149267298,0.37923882171143913,0.4595570060475635,-0.026960367864331376,0.5407076186610053,0.11114415004103988,-0.4247616852744994,0.1395914565568374,0.719554950767156,0.275756062582687,0.5674326964152324,0.8078795602294,-0.7246336241843098,0
2.0268470443777598,0.4376286560226294,3.058569684702011,1.4742657261045036,0.13859377059017056,3.122878601046576,-0.4795042907619673,0.4370059937143394,0.4858065721337105,0.7666171896179839,0.7801834341785626,-0.07289706732381733,-0.2404272067110997,0
0.5670841460336384,0.24842651356630305,0.4102691987737144,-0.2997545524056909,0.3440209626749239,-0.13472510907381008,-0.23316834056836233,0.0941890214511882,0.2751784269155715,0.5053111151379265,0.5666690617102178,0.7933374920611511,-0.6619733397450429,0
0.11783968996664247,0.17290658562789346,-0.0694005518312928,-0.5081846842229146,0.5172465454098002,-0.5995359713206789,0.2829263137524234,-0.030971646929274576,0.46774896007233674,-0.05232766829295811,0.27661416535021016,0.922376790255018,-0.3092908002458972,0
0.8929126760465752,1.136674871939555,-0.36110287567303506,-0.43770627143251106,1.0235929773271732,-0.8876278368366952,0.2180940280589865,0.6974363351542414,-0.3011241763662603,-0.9341281984321896,0.5882708014436959,0.7407924219970932,0.7271273582255875,0
1.0293398196378962,0.6587324639253385,1.3529680985220256,0.7584412039393923,0.2805617866474585,1.5102874709859753,-0.5531914020458857,0.41130750262555643,0.9548207397700833,0.26898725606917145,0.6083648898713196,0.8306066707738559,0.20306915443123105,0
0.46230829833940407,0.6622731595058307,0.8481384989751964,0.551616876020299,0.20839839725199955,0.6226296533308462,-0.09105434695352806,0.5677625017634332,0.9134618514320346,1.559827840472146,0.3594464604771222,0.455980718409328,0.10109498400591885,0
2.1232552820276576,2.0963282461473676,3.3252262432718562,1.7716657789178354,0.5059722870880216,2.6403524920822585,-0.0017375964048456562,2.137771299336949,0.39105187594119145,-0.01597415367541137,1.4651434107937824,-0.6808297316133888,-1.3016812410881153,0
-0.07989807615755258,1.292402365332372,0.19882861239246058,0.5899191931366825,0.6811095745148991,-0.7435484880533596,-0.8703133942069281,1.0659623301225782,0.222955263675591,-0.6278909738451266,0.6013035984998034,0.229345612879132,1.244145646338971,0
0.700435224917194,-0.3145181453322983,0.5290293885166836,0.376754697587157,0.06551435697752993,0.5047150523789804,0.8267578164088538,-0.4354907880196251,1.4948372350198758,1.4015098345785577,-0.34103045563537415,0.6190735155244634,0.5598550950979507,0
-0.09598751692328869,0.33087130066579146,-0.5355170591683898,-0.4595540388148895,0.33587019673307894,-1.1848939841694812,0.19862712743129587,0.0904178700467114,0.9260214227715363,0.24086715735824316,0.18203123888818315,1.0503159483445565,0.18981890771719903,0
-0.059407478797563223,0.3364073804595215,0.24544485870301255,-0.10343967473155863,0.3868175403390638,0.0958253300883185,-0.28495551253635315,0.09156322006865612,0.8657424539445848,0.1162202979306193,0.3212764960888857,1.0645184597562798,0.22919091144151527,0
0.42731284946112624,0.671516835304409,0.597904749993553,0.44068860770431223,0.32883448640456586,0.4361816570378657,0.6346558221556658,0.5082011656295065,1.4580947937751958,1.4487333177162145,0.5994477258448411,0.8172465098798521,0.055091532200713104,0
-0.1889227992075779,0.19608136667901846,-0.052097932507542494,0.11177379111136046,0.012324813205288368,-0.6095779266161508,-0.8794272332675166,0.00014095221487231223,1.0378839105991533,0.4632659035312567,0.25584055483922186,0.918303595852531,0.4583558765748564,0
0.13094622777890427,0.27964060336046526,0.37219113729487535,0.24274847515453182,0.14719272178837528,-0.1252887049194187,-0.005995559212080828,0.10033752605962745,1.294364078755896,1.2424916204984144,0.37604349922238683,0.8476053220615556,0.38567842474335573,0
0.6030794648798716,0.5350146201720161,-0.0939953455594225,-0.2527547918901951,0.5030018606946342,-0.7280285030268887,-0.0727764504242271,0.286661658842247,0.9813827033459082,0.47532500987596327,0.5528314319303281,0.8690018577501003,-0.16058573516797459,0
0.6516561434847669,0.3603964816156043,-0.013696087277845237,-0.36372621444606856,0.41348594490611124,-0.4048765302084538,0.42831544089701784,0.15702823746786623,0.8903205504921948,0.6978998002315673,0.5011203163615477,0.9647675671561197,-0.48818058510966766,0
0.7544529677677881,0.4265500118352617,0.2966994285111643,-0.30717119866492115,0.6183313111456359,0.04308254244924298,-0.19382866352726355,0.22687489713304904,0.7856131657198906,0.5363076267431803,0.6109778987342891,0.8462227135520608,-0.5585091739372771,0
-0.21508038815242042,0.334034571725466,-0.4581779861328329,-0.4153117230345909,0.37152544802073245,-0.7993447670250493,0.4279048344632229,0.10099979328641297,0.8695139759459002,0.5745840370866754,0.3384729905298503,0.8880895858953715,0.1584018129945487,0
1.5727208058927427,1.3615802158532586,2.1993772481300775,1.05347066322845,0.4747377562047141,1.5235420769671002,0.0363176220786675,1.5454139219151672,0.9135563320816878,0.8325964764349547,1.1069818135269769,-0.6884337810804444,-0.6909624875148954,0
0.5650039212086662,0.8397639411442455,1.6544685648626547,1.5173295204594015,0.11183478354072457,1.9423273449466745,-1.0532805736516626,0.6892353899539153,1.3580629513930105,0.856209069436163,0.5749426293066031,0.16828248505593418,0.6857050483447948,0
0.5203533812157215,0.011115471166521248,0.26173799538610293,0.07615559129026477,0.3918240166381453,-0.011750899790191551,-0.625408582274126,-0.21905681292714285,1.0948951824973363,0.4033043885263065,0.256198585240417,0.877904964545755,0.10928007311580001,0
0.04879748168946234,0.3117602484593527,0.11001599928515554,-0.11454743972634655,0.45126603985204417,-0.2842213330640901,0.4850860310427743,0.08422647971659661,0.8212090767517894,0.2198376587364319,0.4130209281030809,0.7621416813946682,-0.05343007206001918,0
0.1576265596534356,0.09384682903411301,-0.12747264263468255,-0.2612296611813231,0.25662607396267995,-0.2959061713032868,-0.49557139282099855,-0.10884036126873171,0.8145992523594981,0.1319935183773863,0.195757413313728,0.8151987626099844,0.08298690114825122,0
0.17555611647811936,0.22863766462301197,-0.29769769497571225,-0.5375697517743669,0.3455544892201474,-0.5957497597772502,0.633126764168359,-0.004322493769201929,0.5331731207153197,-0.1530902591046477,0.3802980529522054,1.213449480377068,-0.3570374853933738,0
0.4885489049145735,0.30765823620130894,0.03173781082042024,-0.36950235655880515,0.09693060665974575,-0.23931633461894955,0.49206693267369794,0.09054483725468661,1.0997883962804347,0.8885980798216995,0.4827759176000384,1.0139093389406775,-0.353867703111286,0
0.7590591798802153,0.45240227378507897,-0.06554315452776768,-0.3775161202078005,0.4264964224626421,-0.6713866165332834,-0.22932694081376873,0.2131828161248351,0.9012430410095895,0.5639247541922934,0.5973466268876906,0.9326550721810842,-0.563211133027967,0
0.22860184951467374,0.13883774608623178,-0.26504286233357005,-0.2972593928765479,0.24760180841438384,-0.7753229775177644,-1.1141741567977625,-0.10237894519248868,0.8942874966796476,0.26963729235803335,0.34620742810087424,1.0067391014769225,-0.12863392737264795,0
0.2636499231281113,0.2169572703704342,-0.23752358316708164,-0.3310488136046068,0.310557152927967,-0.8078122784761381,1.0044061878061366,0.00841400224935708,1.2295838446575307,1.1775360222289892,0.5020126948752117,0.9606771273141589,-0.23534780602798963,0
0.46683987275555816,0.28034669653327743,0.23014966900316627,-0.2550045883914179,0.31269617477919076,-0.24862823148016203,0.0,0.0644353682049031,1.2559402567680569,1.0863273139255936,0.6504899866744024,0.9296392016194056,-0.8199581193717428,0
-0.06803484628003713,0.14050196490312603,-0.42279728883382717,-0.5022495899387517,0.12242841370441446,-0.9951465364353436,-0.8751731295043416,-0.07550054568468263,1.2154046201529407,0.7655736048498059,0.36249683045004377,1.0098322791810677,-0.20656632832548003,0
0.6803547338710857,-0.2458759158283674,0.492352105381169,-0.16485537573600073,0.05726095042848727,0.3795224688803247,-1.4966075700881791,-0.4587272810991285,1.5372594261147372,0.6422311085242373,0.5031461308439262,1.2399741556276032,-1.1194456175340868,0
1.8102099282117041,0.8156565220476047,3.81200289551285,2.956314961423854,-0.10593365337047927,4.133433824469019,-1.1856067453464503,0.631738397587623,1.6002141704715354,1.726866045279936,0.8924140714775814,-0.16015274702010687,0.8403835910168604,0
0.11924145871661324,-0.025148214720291544,-0.4472098915003355,-0.44384859879474575,0.34738336323279845,-1.061153014699994,0.6073351820123635,-0.21993252907705818,1.141044637532228,0.56750047649254,0.2362871904079238,1.0895508098220505,-0.11720858760051325,0
-0.26797430353871093,-0.13893241430947983,-0.11244230719919936,-0.23931862748028582,0.1164804532924036,-0.41320117914157173,0.8185661452564617,-0.32537661550097197,0.5310934553973922,-0.09356628162855356,0.0932721918768298,0.8868282901325159,0.12417997713936035,0
0.0,-0.2837350213544464,-0.21817236002070164,-0.4267881248111743,-0.046117953982728804,-0.5406943606419063,-0.05869497435147246,-0.42464126375478106,1.0355847215509457,0.5904536724154194,-0.0062144023369090145,1.011720357468226,-0.21293776551390023,0
6.001410715046683,0.813388091098156,4.32496114602735,1.9044154302143181,0.5001187453596191,3.1832578772297206,0.00909410951892024,0.6210870146639286,0.8128146579038652,0.7207644695495893,0.9187930648039931,0.32190188653214374,0.1803696208472462,0
1.0196244839169146,0.6980020913008086,0.03408274033433677,-0.4351526939872615,0.4575918163024062,-0.42516113988269094,-1.7057381206504783,0.4561055699025016,0.5079557560180872,-0.037570074608749504,0.754611971065258,0.8545100392244543,-0.7106604665116328,0
0.8196828747791344,0.3906228316035404,0.18012405460346528,-0.21697885429957528,0.5182064823551455,-0.07966970993846621,1.5348547684870926,0.16915306700263325,1.1618837709648895,0.7746105186716296,0.5450863270151595,0.8665512213339163,-0.7994468406460421,0
-0.8517552588228888,-0.5762445733088181,0.665512358557421,1.5585595511992292,0.08604954933600704,-0.16194096837450217,0.31583521393251623,-0.5987927338704622,1.0986222276709403,1.8320125095417323,-0.634850801865486,-0.2947861089769058,1.1257293850854448,0
-1.0871313469720965,-1.234933795009105,0.07761271935247321,1.021933620067893,-0.7985037697574427,0.5293699234870978,-0.4910864324445564,-1.3996769487898928,-0.8104310306792805,-1.2527883915780678,-1.4551649073314332,-0.18829106020204578,1.172470339535082,0
0.32953823949092875,0.4114159612843723,0.057673918489351564,-0.3033704966673167,0.5940650636351461,-0.32084029012947185,-2.136793687652212,0.16739859767853765,0.5384254773005624,0.12983320693685213,0.6707006802087165,0.9420223191666999,-0.7405866196332975,0
0.056091776530239223,0.6264435256887598,-0.47354346091740546,-0.7316415583733412,0.24554980501105284,-0.6888707665610552,-0.11532276407349913,0.4267522405401591,1.1627234792892862,0.9323614600819795,0.6756547419655277,0.8184667733901676,-0.4327252567837892,0
0.022831038944294384,-0.06294465889860137,-0.28051380623255817,-0.6173059998465358,0.6726413748907428,-0.4686988386956874,0.06291387587425992,-0.3674459409680859,1.2138477578963491,0.05934660097366127,0.2725052760438911,1.4373375063332383,-0.33200816257906896,0
0.7124432326662726,1.004891850397575,0.4712081902596842,0.17279496505691452,0.45846757374196473,-0.02227550880077135,0.27211827587545434,0.7038716426186594,0.6943260527382978,0.28505369002083086,0.8197782859956655,0.5193550324571058,-0.7175605908547081,0
-0.16078880618224153,0.2513452770647607,-0.5441979900920968,-0.5111599122868034,0.1099537468329142,-1.198944786968221,0.3116107229898565,0.056709447888582384,0.9009556463120886,0.4517433646081317,0.3575276872756485,0.9498431259678259,-0.031272622093067116,0
-1.0756495865745752,-0.8351108419250813,-0.3411991206212412,1.4333974904864912,-0.46083877921986777,-1.461830774815611,-0.8642049356230856,-0.7181269201830838,2.4426166738160515,12.34301547769442,-0.908227121734751,-0.7688376692729083,2.5019153455131913,0
-2.0289090748165095,-1.2643500554866753,-0.9608639069780521,0.9618300279842115,-1.8064881858889106,-1.906102561627802,-4.740331151287977,-1.4115774181570946,-1.1160116018177437,-1.2830584482729062,-1.8467785601586713,-0.10438277977454899,2.6376787307205487,0
0.22586088458572715,-0.4513183399673911,0.5075441508608676,0.41280111627632454,-0.012170321106068409,-0.1491978149113372,-0.14139027355558595,-0.6299681798231864,1.0187288875171543,0.8029929445723313,0.22081672129491223,0.8062210246883333,-0.2823520582344717,0
-0.07376420323472667,-0.22168468241099787,0.26342445085540683,0.08290381432995442,0.27816976401144483,-0.37471804203165626,0.7201108955709068,-0.4269259387344036,0.4387157382004305,0.09244123612766204,0.37688401237313796,0.7794697800433398,-0.35440211737811006,0
0.12840435377895185,-0.24745697918762466,0.4651829318920275,0.2388686780665289,0.0943872818241045,0.11488223529266063,0.5142583114981968,-0.432551536342404,0.639357869788637,0.37110266240665973,0.4342495560177797,0.6760459061705371,-0.3213314310688763,0
1.126079758306379,0.9446242562736078,0.8607207213185095,0.08982740567070302,0.4823903701062686,0.3385170451959539,-0.7524382542462503,0.7361255750752396,0.2713746779859739,0.04783488801674681,0.9094382944412587,0.740370206065161,-0.36032335374907704,0
0.21976089400858134,0.8368361616245262,0.03735590852289136,-0.10956854103245899,0.450021689388808,-0.4470487284677701,-0.7109430427256983,0.6247809178867013,0.6631428601906652,0.1464438043222283,0.6092760281971011,0.8639760014842971,0.19252369829214527,0
-0.04294178388673431,-0.3912916123191309,0.30877226041046185,0.17453089407814434,0.13971924833872265,-0.13729779127639624,-0.0038573817938257226,-0.5732477594598409,0.4117149121967856,-0.11027748336527421,0.16946755974816186,0.8591490624427629,0.19319421862468844,0
0.3306624848099249,-0.38653808849391313,0.5398480480422405,0.20393491474966777,0.18650489395829523,0.47864611835809395,-1.3177390270989144,-0.5682992223258512,0.46340500913648863,0.1218502715769104,0.32992317550405026,0.7545908549218481,-0.1122455717968709,0
-0.1474171613189549,0.13321098592481184,-0.6786450261533798,-0.9820853837727976,1.034076945383859,-0.8294488914702385,-0.08327956015288016,-0.26408608592231503,0.1600328327365179,-0.8365156004962893,0.29574549531544175,1.493067928002074,-0.04738587708083403,0
0.30943344271323253,0.5273120251460994,0.49748699045492156,0.20412801952657966,0.6232936180503965,-0.23517845415325103,-0.1955916776030515,0.26431405867922736,1.0906149355034929,0.5796143380972287,0.6520151716608635,0.48520519694291836,-0.4640281080689133,0
1.4411283722282016,-0.5227675343061343,1.2558499760534365,0.44937046291856186,0.017556678733637882,0.9962045481647128,-0.5078583196318515,-0.6344746584817231,1.063974887630561,1.1634817561635065,0.3254936528076201,0.6898577191776419,-0.3136298596289787,0
0.43320681979852566,0.004221786632805229,-0.16899143642883874,-0.6269572549220598,0.9235046564486353,-0.8900646037531071,0.2987892230753265,-0.3280408695294376,0.3628684853770392,-0.369824686041735,0.5474471206263277,1.1411298379404424,-0.7493193700694544,0
-0.8416530897909559,-0.2743587406893108,-1.1321386971665186,-0.5178751194226596,0.7450824919249154,-1.8526545902872522,-0.6502999593638071,-0.5540918268778608,-0.2984748784229671,-1.1708909722096807,-0.3196453733398797,0.8688671649211112,1.2061491953556809,0
1.5934769805028286,-0.24118494931990428,1.771795797887219,0.6429448443259816,0.08067001261195238,1.4006516294296112,-0.8283940777418963,-0.37997937272713034,1.224929107349482,1.0889932442087533,0.7487701900945245,0.9515825366733184,-1.0539931716886635,0
0.3884377259591643,0.0,-0.6316799239822427,-0.8721205835351059,1.122127807609716,-1.204544897163703,-0.16577567118753261,-0.3927029858846951,0.31712426181971953,-0.5652839160311766,0.5126459525644048,1.4232940692338978,-0.28800715819299744,0
-0.2977603196424214,-0.6993476977971155,-0.012160204985941489,0.31244265470276605,-0.04300334091888763,-0.7394301627883503,0.33332480484102495,-0.8335448881983198,0.6783229978740275,0.018769810580225307,-0.4578082016427224,0.6069627569867817,0.7388273503769537,0
0.1420332682395213,-0.17816250989941793,0.36551176369101007,0.1522986902041586,0.5938485885935207,-0.5156913780154162,-0.13244689576082358,-0.3339189810097813,0.3680124577464413,0.05105010698435757,0.3286558459743402,0.6584332577705567,0.05103145788172151,0
0.9400592344778375,0.2298550702323781,0.4971341657652295,-0.06899078743003359,0.905638525132512,-0.2332677087508001,-0.693594273117415,-0.04155445188569842,0.4661231647619169,0.11216465821467587,0.8986502989553845,0.8352079324264211,-0.7132452367359086,0
0.46966028339787036,-0.29968689438778323,0.7097452372911226,0.1872448812054838,0.562276310589645,0.3381843245105972,-0.018639516078145176,-0.4937571761944323,0.49218924311466694,-0.12743754484756947,0.468507915659808,0.8341984795469083,-0.411555509561588,0
0.842187125158268,-0.1896162899252828,1.371926401897517,0.8196565894649974,0.780075201872632,1.17565887680344,0.1722093081534534,-0.42116166667972926,0.5355957041303531,-0.1927357761512871,0.531344703332576,0.6887679858040294,-0.260061141653496,0
0.5512065116553444,-0.09147447110112038,-0.3098305810523429,-0.6412537854604758,1.0791507849021684,-0.7293192194380501,-0.014404117623208893,-0.428672374639476,0.22493036277459405,-0.7890550392584972,0.31345721021730477,1.2813171234131218,-0.15897855809044725,0
0.3168009056349717,0.4748206453293507,0.36635659251052916,0.10023880904890277,0.610285034639935,0.029412015451187035,-0.5649527506472932,0.1875728640902251,1.1477571852009463,0.5973425169814932,0.500292922817964,0.689558897338493,-0.18129671580495693,0
72.79166712266122,-1.2255744713993428,37.6557943486051,7.973258219184393,-0.014901453520194194,19.929372717296438,-0.46347775826704196,-1.3570570647062512,-0.7132898019290229,-0.1701406196535138,-1.0484418811211549,-1.1969921574877322,3.767516248066228,0
0.7293788292526197,-0.17060347767359194,1.2045301354157432,0.47386806552028776,0.7400598600713206,1.1699018257207292,0.09536503341350265,-0.40269817563013377,0.5612516180671021,-0.019940871056009474,0.6229109784382323,0.5933228037040824,-0.5011947752003891,0
1.100383212097567,0.6570315568373103,0.9508653723125314,0.05601159799924913,0.44076602322263636,0.6132500828005841,2.0715252001771143,0.5521027229371747,0.0891150837590172,-0.24861459354929571,0.8924772172503951,0.710945026296322,-1.075682318183611,0
0.7194386015010542,0.5038089222130282,0.36246023009766326,0.2266419942915847,0.6489115441266049,-0.3739273831987101,-0.6727534363272167,0.28144948840836415,0.8477332104700669,0.3851878450789773,0.5555747785729105,0.6367497936493968,-0.3978697035168652,0
-0.0673083197937804,0.6486258508609989,0.43742720957685377,0.3049273727310261,0.27153432085064216,0.4825178248383741,-0.4464149497955346,1.0612188411107277,0.8818139776483467,0.9848472917363102,-0.01433286429715929,-0.5223569282661077,0.42624530327001176,0
-0.9040119888372504,0.41868124460209066,-1.2042566240401522,-0.5325554773904999,-0.13568404561266975,-1.8144095292792182,0.44754067623195326,0.29084231867985433,0.16491737296571604,-0.5564686072410063,-0.48673497363572016,-0.17999600381540484,2.029086209870872,0
0.603808115058935,1.37985915865125,0.17332942766744974,-0.32224029564005224,0.12354782706801266,-0.3562924163057689,0.17488073004683838,1.1097782629396826,-0.04025394359246437,-0.5299374988771604,0.9650850469338618,0.4869368769341652,-0.4563982002325904,0
0.23042291011725075,1.2234291091401162,0.3448167047249146,0.125515737871028,0.36627769749141253,0.22822650287429913,-0.8563023843083245,1.3662485941516709,-0.6332488277755038,-0.11223653328103275,0.48335097327867027,-0.7663126990658922,0.19504935475864257,0
-0.2879403929866533,0.5552810755031442,0.09814932928026547,-0.11025183379574806,0.5665383645611727,0.17822137022182896,0.8085131355932308,0.36971839437425535,-0.5762168564760112,-0.7596858732601256,-0.05933679527478373,-0.1481921427399082,0.5298597186205052,0
0.47835884256178285,-0.37678889131859106,1.1308443312365544,1.1851224376820924,-0.9646151026409118,0.8050756995309147,0.6564449601681653,-0.27694139326917067,0.07034112948864513,0.5187586196611661,-0.7411063776985317,-0.922286519299431,1.4989438707150744,0
-0.06157094013171475,-0.4499859454099331,0.5959826063307874,0.8136608727501168,-0.4104224174118736,0.7040979230794079,0.5654206035986142,-0.4679901316305099,-0.11744582500445896,0.1298649961858091,-0.5795839049149729,-0.14080276926077717,0.9877376054336452,0
0.24844009113808965,0.19792361723882673,0.7439312699959525,0.26293118733299375,-0.038942081676181406,0.7441784293453082,-0.6039240121206262,0.306850767485422,-0.11425414836473577,0.06875772082934846,0.2200586041816968,-0.3235363379249813,-0.19111139243128752,0
-0.43062068995660824,0.07664131292133868,0.07197278473180588,0.18133639768257204,0.0,0.11284042402076686,-1.0589443957354678,0.17205611930998807,-0.41569714864962454,0.16770573922835139,-0.03093615631313067,-0.38940826734474937,0.3458977044140796,0
-0.7051714510811853,-0.1688801345634238,-0.284773730576571,0.31260189582341125,-0.5682068262552724,-0.732387770092382,0.11660572224817871,-0.1640442533622799,0.05313915147903575,-0.08504883817064042,-0.6509837498338591,-0.5013499016415284,1.501452644650917,0
-0.31876861312340016,-0.03288607626014323,-0.13290546764217584,0.06933325469610245,-0.03603873002418725,-0.4165568515797273,0.02198948601743075,-0.05752111711549319,-0.2341420354671862,-0.4219105725765653,-0.5522594415804736,-0.2961574187501938,1.2032254796929551,0
0.40499201839902743,0.6370083606952239,1.0263794038623273,0.5056385795035779,0.27536063131577404,0.9678585253115317,0.4516780808049476,0.6886372921107905,-0.2622947060088826,-0.21692379462109518,0.28715938679691744,-0.6237791418193585,-0.13022452072537302,0
-0.5253452132361692,-0.1462492970104191,0.26287330451389024,0.3486473801433723,-0.20796307829596816,0.20165921434814624,-0.18029993049130705,-0.10686565870117261,0.03183531956233507,-0.10379129262652867,-0.1361404469886946,-0.005723999229307215,0.40795455043464296,0
-0.8665234651313003,-0.3042888797017943,-0.6595736745096497,0.0,-0.9275022237188156,-0.9652092952182107,-0.11365384226716346,-0.33327498491284724,0.28479946348760715,-0.025438524439053933,-0.7562883380670186,-0.3246311259963705,1.6674909890115142,0
-0.3639840192401892,-0.20900663072880601,-0.4774454951986715,0.014432029475261461,-0.14150260742573018,-0.9795720492354241,0.8022323550713399,-0.3093997615446111,-0.10747315896196609,-0.47271439003266164,-0.5752598295284838,0.3275259811465717,1.504396728912574,0
-0.30704399527916093,1.7535768810350558,0.21900355499529905,-0.044573862926308515,1.6072084432107219,0.0,-0.14424904589343102,1.4165676776365284,-0.2720131438260868,-0.7292067508958433,0.7319849401623301,-0.5533240881919883,0.3779831780273317,0
-1.0504812349785555,0.14575442147416512,-0.5840687985033942,-0.2738734161573451,-0.06860272223768889,-0.7890364922150281,0.902983067216488,0.2053232912329924,1.0110001761286769,1.0926166415183947,0.15016297740043452,0.4124663119259941,0.06851498670712375,0
-1.2871753512964144,-0.01133119681371035,-0.744161653844804,-0.05092392524880375,-0.7716542579341534,-1.0121477865177808,-0.4469347041502788,0.07628698801648998,0.5214547705917282,0.40249632772000643,-0.48485997332918734,-0.3231593169378765,1.5353076465214417,0
-0.8393166850589043,-0.2730228437543628,-0.42192173555716783,0.09460962547948186,-0.31886449996729066,-0.8982737987813594,0.8694292738376235,-0.31364226401341794,0.07690691419430715,-0.36187938477093307,-0.5911889944397392,0.14772205584667958,0.9812003807981784,0
-0.1383101862787882,0.5947187129671261,0.08622209815216599,0.18891734673517263,0.4228388648714986,-0.412937989146422,-0.3940957588296362,0.5118472112279765,0.19335614445577953,-0.2539486502856781,0.08273996742413774,-0.10511779229830613,0.3462580642719437,0
-1.0994692035396092,-0.09035214983906052,-0.5032272188781467,-0.15378457938493895,0.04110614831101332,-0.8637149218255665,0.4921416803681486,-0.009068187072857307,-0.21407757350678547,0.2597196021445493,-0.07876938575225365,-0.007842809603211988,0.3833386753179594,0
-1.2101635437520546,-0.45951286298414895,-1.0311622298648113,-0.39752715329681215,-0.48527734609297035,-1.0723861990661403,-0.72107023250432,-0.5122871633801492,0.7658697194791524,0.2694474496149467,-0.9627774674302685,0.4175010882466975,1.4416143324816704,0
-0.6726211270924377,-0.4575531614089046,-0.284669016143892,0.0804665180149274,-0.4929752810810007,-0.5842040640388146,0.041251125379719644,-0.504243384185529,1.067938818074161,0.551047549052815,-0.7285076311972982,0.465914388881092,0.8835724410964023,0
0.19716734104856176,0.41371359027190735,0.7161673416629758,0.3224172766097825,0.34964834951696194,0.5550967455129594,0.26083505093861664,0.3883458847341525,-0.5751064934074446,-0.47495451730783134,0.16688079009952733,-0.42540633823420965,-0.08248421010274536,0
-0.2668904989245245,0.4887123575043847,0.23369993966517771,-0.02842727231739742,0.6234553204466966,0.5650263961194331,0.8105900060827201,0.48604891470468337,0.690315133571031,0.1893675929010574,0.24240926504205845,0.21484011693597269,-0.10072859823003347,0
-1.023024851419259,-0.45626848241012385,0.27566945163284945,0.5763841611002793,-0.8473072066329915,0.31626608103954407,-1.1407103780029653,-0.43511630333406487,1.0547398059152875,0.9618773158178251,-0.3709470835971565,0.080570098548766,0.43490768492795406,0
-0.8866789466986849,-0.43891000602894414,-0.8085571344163246,-0.23526729180045042,-0.6391369843734203,-1.1730830340576084,-0.2777617440806255,-0.4791477669054488,0.20254805052813718,-0.23653975525596174,-0.9610714280459435,0.5848998931972095,1.4508140666639842,0
-0.40205297658659017,0.3302822770613625,-0.0248165999484008,0.08840420795467331,-0.08989006807342431,-0.3384815395186341,0.08698240152028272,0.3227130962364412,-0.045287649532641805,-0.17520008476867585,0.12731475237293208,-0.12510941934010664,0.2546626661211137,0
-0.6699607191954478,-0.20031529026352227,0.15267671070548655,0.22601281895063405,-0.3068991532630117,-0.2363928321160104,0.4515742631916911,-0.056959267626497036,0.19848216384428466,1.2315305137936843,-0.1637009406390503,-0.044580353043879965,-0.1280866146531998,0
-0.43614465283937265,-0.6912831441945457,2.2328291336227064,2.5423783570071654,-1.0225473380079184,2.4709992814533934,-1.3032958427622408,-0.7169509305050474,1.11272827401609,1.8671984612318198,-0.5529508571394941,-0.3962222972828326,1.286227968546501,0
-0.7480606102327598,-0.5307800030474151,-0.8332081385492252,-0.2849071862455088,-0.1990442221547932,-1.3379685752233579,0.0325948389443829,-0.6505600125791587,0.45153994010722265,-0.2629881347551175,-0.9841777537564993,0.6357923744234667,1.5616356293707825,0
0.039099058545172406,0.00481306424254994,0.4039243223598088,0.273859041885965,0.05329170925337454,-0.05340645630440583,-0.1727183081188804,-0.06908973035143279,-0.30119684606991765,-0.4513644532956176,0.07588589227797099,-0.05510066579289771,-0.19049301371996946,0
-0.16183653846586973,0.3822057515696372,-0.0634462608359107,-0.12193416222245813,0.4235154380887892,-0.2837994315264103,0.5648545545344644,0.2621276461298512,-0.3891159108547576,-0.5204309560991018,0.027431259389101792,0.1827591394882504,0.06045938013323561,0
-1.5160781392590272,-0.5723639737267592,-0.7785336768687301,0.3500132472782116,-0.7731751101192592,-1.1890498554198128,-0.24868212707606543,-0.6345112987099505,-0.20277711577172386,0.09360524497513491,-1.0329771748262448,-0.13874045256790568,1.8319462599666692,0
-0.7234905480757909,-0.5400342553324738,-0.30299668937440083,0.5169606334338426,-0.8291061010379283,-1.171613381448023,0.6498190669005193,-0.502638047448116,0.44784603741896933,0.6121483892334368,-0.6263336019378762,-0.08429957350244187,1.2998484357115225,0
-0.11043493201861336,0.25281235710906674,0.45585456644616257,0.1208011856114355,0.26484702259877135,0.36204099974165677,-0.4281521064499956,0.1915653263919366,-0.4296176394082306,-0.25744868452602054,0.2689390725443158,-0.08590696739541526,-0.44991744990320676,0
-0.7451662497992135,0.3809042195464982,-0.0030125885514054175,0.12421939282048462,0.09195541329486281,-0.2587283912384631,0.02487431023412414,0.5809091430105335,0.0264445899511409,0.9224506640710541,0.12601824091326144,-0.5153255463236289,0.5342242761029822,0
-1.234576286743612,-0.36055821516623765,-0.9952483128277435,-0.15193911279574393,-0.6402336357825977,-1.492972677929174,-2.708240675434875,-0.36783945603956375,-0.0071312713227765865,0.0,-0.7805219690887343,-0.0024604484765736855,1.551622844464383,0
-0.3971953087260925,-0.4207781630855376,-0.07496914662255329,0.3000245488396403,-0.5484975069787931,-0.2041743353015721,0.8351718551659651,-0.42271691700890357,0.4195575527032726,0.2990815856366361,-0.6437683337314176,0.024480793337789446,0.9728148427623844,0
0.5196316705621574,-0.26867060222930134,1.2522333624595332,0.6818647682781207,-0.12601608034624723,1.3256763195256716,-0.5271379932018342,-0.33970686347890167,-0.2288156450766996,-0.4223852061001941,-0.08714055341691021,-0.0020453685885620815,-0.5312146537577226,0
-0.29680350627595803,0.11446601885860357,0.04426292008733669,0.11326370489852275,0.052955143385436554,-0.385769888575694,0.6173945584320052,0.09982808973133098,-0.3097975395678531,-0.2666786176023293,-0.14946800606003283,-0.020690662010794857,0.3046133930360708,0
-1.0022316633822934,-0.6004314374235762,-0.23005604627019638,0.09652153262914953,-0.6239141097186242,-0.09978682979576194,-1.252936428258044,-0.6178018361260894,0.1533598451937873,-0.034666742450254334,-1.1002347796617156,0.016292182939621418,1.3030059171526913,0
-0.1057352370966831,-0.4832178554394731,0.21429640542275344,0.30435896175952554,-0.42746067595887527,-0.17382987855311974,0.9514940988188212,-0.5151962652439025,0.4470067365774399,0.2113076683854511,-0.7802494000538521,0.17239433302965487,1.0474841842062383,0
0.3267996053144853,-0.04864847413896466,0.3606573026234749,0.11081733262407753,0.09995193737975257,0.12310052566203308,-0.8704685407090778,-0.11496226742272248,-0.4349732498213162,-0.47705621685775834,-0.17594165673908863,0.0055616542301278795,0.11271653962105856,0
-0.15927753173675072,0.5468540431688484,0.9510203311446818,0.8664888236729131,-0.044126116886168895,1.1582477952303818,-0.7099640922341637,0.88518162384789,1.314691035438624,1.809416165849611,0.11738774643404155,-0.7046272487458404,0.4329973195123013,0
-1.1365599183288162,0.15990929743902685,-0.20894319353717972,0.5745806265417082,-0.37852892676240696,-0.8832333114364526,-0.4156219843506609,0.16540371359489614,0.5777825441601142,0.2259672522158278,-0.23652604082625586,-0.3666261497950765,1.3194925300528968,0
-0.43171419094685043,0.7545831730388781,-0.23511270234939,-0.26000960074869445,0.7791416092625493,0.30796333393119796,0.2094226538915972,0.5300076366464981,-0.025954271961114782,-0.7198211223786721,-0.4513310393230184,-0.49454211574187545,1.915281718141619,0
0.32294453750658497,0.6064306632941199,0.9340493395919246,0.5438834508119879,0.3164890199469754,1.0353307566623762,-1.3095898256666114,0.5898499954934476,-0.27294626529664434,-0.438552864903814,0.24142468143877224,-0.42500523309887484,-0.0989045379047176,0
0.2625222502319151,0.11541266641407937,1.0602621170623683,0.5724999783510115,0.12412168927903505,1.1566143462128666,-0.4013267900845123,0.22488099273465406,-0.4903574360903849,0.07153710027600947,0.065244296894503,-0.7216817990442457,0.11349418185164807,0
-1.412447891568574,-0.5854201087928609,-0.7687316181524136,0.03352569384782063,-0.5482997250537816,-1.072431019313572,0.1316820780421701,-0.632082389569879,0.4202383166805465,0.023388035539821963,-1.193335926192768,0.2849446124057745,1.665653930631624,0
-0.7939393022112488,-0.3409275627190849,-0.4948502675884436,0.02331881356104925,-0.4326290176229858,-1.0042041128772061,0.630834065572014,-0.39821974046178454,0.5353101994850709,0.35024401679337525,-0.6065090172163581,0.029255996060903452,1.1647905311214264,0
-0.20029172784018903,0.4532374347699531,0.5090522103178494,0.12618660269784937,0.12289152027277503,0.6300119568209713,-0.19996221650875756,0.4347371651435824,0.018511867521106926,-0.2904516368843502,0.3168136226153578,-0.14253177323555397,-0.1933988508325328,0
-0.5945091508688677,-0.09413007080975029,0.4859684008253883,0.47817966619980184,-0.20358635564336677,0.5740855903415716,0.03837690748824082,-0.09362790672612704,-0.32833816760537965,-0.0881321929425795,-0.14716042655643957,-0.3720224856743916,0.08729856999487255,0
0.0908653760348279,-0.37553271681779943,0.9777683980270179,1.2511249370086353,-0.6566808685194864,1.144669750272288,2.4639937814064012,-0.3361187662627752,0.09027884427258541,0.3315413210928381,-0.6652828955144676,0.10900217887207651,1.8101944887451786,0
-0.5274931616098666,0.1415352009397191,-1.1859795218977478,-0.7976846576963704,-0.4689081291847466,-1.573053974449471,1.821952889506744,0.019757434831337423,0.07897594753545863,-0.2588149794451434,-0.14014597340864085,0.4166370322620547,0.8938794501653591,0
-0.29932949356341293,0.625930930203026,-0.24058627059774126,-0.38787068951852327,0.1997464482109761,-0.4470487284677701,0.4376147055687329,0.5784939739560473,-0.22395263532586912,-0.4268293987596244,0.36064917287620496,0.0,0.07749375396166763,0
-0.031574841093187006,0.22689937572375246,0.06040730700575348,0.05880994701485327,0.36274996457273306,-0.14482873372396649,0.03090343113633597,0.11197496218414921,-0.45767789832336325,-0.5643230919470084,-0.183664078221305,-0.0963877345677108,0.4399825537223043,0
-1.4792813052158114,-0.5227269622104564,-1.5494448386097153,-0.6693888472555298,-0.5585508091047309,-1.7875447901252897,0.31958892272235895,-0.5971351799093989,0.37498652285926015,0.04982368157773028,-1.0855431492844543,0.643881972212245,2.1930534312672836,0
-1.3852068521940573,-1.1205979883037238,-0.2981149551473995,0.3718663407956711,-1.4596785863833859,-0.6232925927696431,3.263746484742278,-1.3121426353141263,-0.7754849335196246,-1.2827719041141166,-0.357845623176436,0.6871115316091067,-0.524374987798761,0
0.010333584357767624,0.022181458247117654,0.6764431842999377,0.3720631510340122,0.004973369739700073,0.6383191167632846,-0.1915109001460875,0.10796657999717833,0.16557792476243666,0.4037071868731493,0.1396812695659933,-0.17067692512624832,0.03624868575225969,0
0.10314448090440187,-0.36632812200369,0.7190829843996167,0.6157412510889846,-0.012615267269201763,0.8809698245072065,-0.2959229660970962,-0.34870581129694667,-0.6005325779993813,0.07817983931747115,-0.26427302907942546,-0.4399415676937023,0.08277021710436422,0
-1.3934516457076342,-0.6650067477983743,-1.0582487075886453,-0.16500062465707868,-0.8219526656520848,-1.5084872065776969,0.352773802050979,-0.7137504947410497,0.2895751477654611,0.08228157208419809,-1.2812970068168013,0.7300984655126892,2.1680125048257146,0
-2.1047555185006668,-1.187894091156275,0.23448448528738386,1.0095546599642014,-1.3911283064225441,0.20349684449285063,2.01147617467211,-1.3620923774609695,-1.0184115163027543,-1.4489686269086226,-0.7424109816261744,-0.15899462655892815,-0.884382155155138,0
-0.35421230826357775,0.12944235839142254,0.20432886734112635,0.03737759288591693,0.06596375849869462,0.005673175127323965,-0.28464492340384867,0.08339693123393298,-0.1889211573454251,-0.26450821825431764,0.14862810597503703,0.02618541582917205,-0.20672235478135167,0
0.18098937215301647,0.6697379049554618,1.427292878576955,0.6916339911594671,0.5282368677204571,1.8716951783710476,0.5349224831366709,0.6295759873267914,-0.061444537498199045,-0.3864582476729816,0.3122969219685002,-0.40257099769030036,-0.18328382452367348,0
-1.317478602078988,-0.6735473126465581,-1.3293906926899135,-0.44042638388242694,-0.6002360657137715,-1.7431660221306784,-0.38774121770731185,-0.7568151804188351,0.18217389949131332,-0.3299637305169264,-1.41725414714461,0.9352698376074273,2.510916373803731,0
-0.9149417415233597,0.3377091552216946,-1.0311731180522818,-0.4729127440225978,-0.06085513419876519,-1.6353112682530277,0.4680326739964814,0.2196837625007837,-0.1020088660491435,-0.5056457602686824,-0.23120585620027753,0.034478688204832415,1.2716449979302717,0
0.36374216939351417,0.14596508427864574,0.4977506628597211,0.3217800412174119,0.011103018758811705,0.19663635861928755,-0.3758276838858062,0.09557943973760108,-0.2620185786275232,-0.3973630352889169,-0.07054326944534262,-0.23701923877440836,0.27789696257875035,0
-0.1088946958677249,-0.19101106841447085,0.6609551810379497,0.5123792916827536,0.22940680070088076,0.9568953236567005,-0.0673586738628782,-0.09038147473979573,-0.1896568578845686,0.11537323248702705,-0.13789675776496818,-0.2847659139726118,0.376304237744279,0
-1.3516902427983455,-0.5659747355826364,-1.0056124365072316,-0.08630490362902765,-0.797114986561339,-1.5934826939802107,-0.08834892954219149,-0.5638551006332686,0.16244868289897227,-0.09623292214653062,-1.2855068067464706,0.4570419076072601,2.3144492848779143,0
-0.646872396656955,-0.22410257125136204,-0.5860802622932851,0.0157110237226644,-0.6924780211032074,-1.1212480635924582,0.14587280568074584,-0.26320970848485803,0.14010350462862092,-0.15645103214278902,-0.5370405746535077,0.10452817666941809,1.2212178748848104,0
0.12696409786943613,0.09256749029407968,0.5527901084996645,0.2489822240960405,0.029736817118503275,0.31159463177695335,-1.3966352556076258,0.17838865779202442,-0.5481119481667962,0.6194163126531202,0.2459855228200238,-0.5099205877245778,-0.10192496706163484,0
-0.44415276471083487,0.31051250047074025,0.21689275949738443,0.2962022716078253,0.3697365513035043,0.17616209609037267,-0.6945461772328789,0.23363399057150916,-0.26537375013639913,-0.004344743614425031,0.23958143793837214,-0.19137561518645316,0.2895610482268663,0
-1.403426508399094,-0.6186539607346725,-1.121134346472484,-0.169476015620106,-0.887225877216196,-1.580842026015123,-0.6407239628843766,-0.5793483329675843,0.2938067127717236,0.17949169012390287,-1.2766340286806874,0.2933113265667776,2.4913010146251526,0
-0.6837977124950306,-0.22340164495227308,-0.23781613336688867,0.2607610013515099,-0.5531470251456815,-0.6751730770058074,0.08541757371352839,-0.14694580675120703,0.4033846839507418,0.766860574440593,-0.48840986927966784,-0.18644847419487637,1.2453114871726632,0
-0.07420087656898973,0.043635080839380565,-0.027916530915869403,0.02619298626887262,0.23333655574464232,-0.4831949134141057,0.2137647570864035,-0.03616642795002839,-0.23380231271177018,-0.3179462944282653,0.043803303002109245,-0.021513685742898362,0.05895982296350863,0
-0.16126272499789043,0.9222190966681847,0.20378982482210556,0.3587462145395241,0.10658358401301252,-0.22716597299697963,-0.39962706354163563,1.2299141256896984,0.6816854547368021,0.6127873770242663,0.24634392106067204,-0.6146259761513415,0.8441507857996303,0
-1.1733812375773047,-0.5979681910608645,-0.9693347953679096,-0.11786095405942056,-0.641656790747514,-1.1882017184299491,0.3172718799198154,-0.6115101015345791,0.08476343356249776,0.13890151220014663,-1.2764157772717402,0.5461250092173903,2.3285583992133843,0
0.12228074823360442,0.15833645252991993,0.17824679051048778,0.05245294592676505,-0.07755124934541577,-0.083201300962017,-0.3805826761693221,0.0904244339378644,-0.11005789637086345,-0.3215528065499113,0.03953869499390126,-0.0102646045085529,-0.04217744207050928,0
0.1280216284323717,0.599784503221043,0.5277399456426949,0.43278768100625986,0.12495787260969834,0.5009144991251601,-1.6024383615927247,0.786918948680168,0.2992440055288684,0.639817307273971,0.23057770902722144,-0.41487294273800535,0.45447463755846135,0
-1.3879712705661051,-0.193996862563309,-1.2453402636253463,-0.32410815817430416,-0.6285719849970868,-1.7216272874113525,-0.43680349196353707,-0.2417124751159948,0.11513572261228883,-0.08741413781225069,-0.7849975943299758,0.4008470484133001,1.911956606617315,0
-0.5738009758661919,0.005798446012446111,-0.34963233604289196,-0.14347735074785511,0.07679662111202665,-0.7789948966614554,-0.2765155378839404,-0.03368133386105708,-0.34304167753758696,-0.289919954839784,-0.014558717721475448,-0.11595655100725313,0.1457346859012643,0
-0.5030065501498402,0.17957202611566836,-0.1328540267195825,-0.036076529993191365,0.45406740057019446,-0.38646993815462904,-0.15026344922384674,0.12014284300739846,-0.12450131210152986,0.052229516774513964,0.07375610184346434,0.05435078651097347,0.3182708125248259,0
-1.4382340117946681,-0.43171289770276633,-1.2015934653760065,-0.2931431658577442,-0.5848241563224414,-1.6923555486296016,0.24557124599076346,-0.4304945402141201,0.21013982777319676,-9.340051224512476e-06,-1.048764844161137,0.4594874893256675,2.423823930045965,0
0.2890105667721012,-0.03706292149465935,0.436102413742766,0.14113480631577,0.10619898389983243,0.1233970227243877,0.10860803481204213,-0.19307330690795668,-0.23552088408819838,-0.6313022250879659,-0.11434399757127911,0.2692051755347864,-0.15621943465135932,0
-0.27678043631443,0.42674676916079646,0.5367943540864866,0.4170671133566738,-0.07466284296096982,0.5709929932687762,1.613098256399596,0.810593067159383,-0.24175828498598295,0.7132091862291561,0.1045307766366032,-0.7495477532165721,0.3217745103468499,0
-1.3904411841399817,-0.018725686651509945,-0.874058556177801,-0.12213682343310132,-0.7285808584936385,-1.461925081347964,-0.27715290449083113,0.021211532658787155,0.7767609557441045,0.4370107935060833,-0.507731004402793,-0.14344251084084042,1.510897598836012,0
-0.0812708953355158,0.2983274170895355,-0.13696872158053686,0.19139556853054931,-0.06787797096790282,-0.2828892327931853,-0.07049506639305408,0.27524171284249765,0.07244767065268659,-0.09428225544602435,-0.20985486036078693,-0.24110462391859253,1.2105685837120532,0
-0.3404068582617939,0.06114780053814558,0.436609550267921,0.2769425178408859,-0.12624412127667814,0.3094668495041378,-1.5817335710354439,0.040995051609818804,-0.20833334341239956,-0.12938692575219377,0.10494569953990603,-0.2263237956141873,-0.0979609090231797,0
-1.0983187032568698,-0.48472894060293753,-1.2495406536440377,-0.42054240204430315,-0.6798945512886319,-1.5261371901689227,0.6042855056915966,-0.5041843091651516,0.09224934687150123,0.06678417360882961,-1.1533121735731386,0.5851270572619947,2.539189134542714,0
0.6078524059753437,0.3155083472058692,0.49823904919683165,0.07410597467315522,0.03407555605446654,0.2425856593538499,-0.4420394581455974,0.22239651094896232,-0.030206711910077642,-0.3083656444129617,0.1258068558407755,-0.004857564563357802,-0.23276567525540914,0
-1.0681317672666728,-0.7900244937556077,-1.0986906914743169,-0.24229228170126368,-0.6802232638486414,-1.5226504047661502,-0.19868100302275335,-0.8415711310270237,0.2074286935115746,-0.1994668997031063,-1.5479291129232784,0.8672889098741434,2.500932025254274,0
0.11560258147177985,-0.2091611861394348,0.5989917216683003,0.33240889423322617,-0.04980123557358444,0.24514979443948373,-0.2154719658019304,-0.29024559239607517,-0.09468890140625709,-0.5198141009566363,-0.2565569834810659,0.25302419594625103,-0.38723515343282106,0
-0.8196828747791348,-0.014424559031601714,-0.8456630653723599,-0.06615656041641303,-0.36234954342077685,-1.8275499983755044,0.013446362507958137,0.04950214844974577,-0.5412295615293574,-0.10708133278126242,-0.7871282430565401,0.15718563942521493,2.240828502970728,0
-0.4870419238624099,1.271170328801118,-0.2640417090229926,-0.25379430437449335,1.3621232544061264,-0.7404631336727219,0.4367092195494267,0.9115743443946327,-0.3945690557474973,-0.9323623616969463,0.3365290816324023,-0.3039368959636162,0.6382810237168183,0
2.35548314555175,-0.4143528955333729,4.350178532147946,2.3976041726535104,-0.5765473913856369,4.228425167333739,0.702168685039497,-0.46821957391529256,-0.5834853084023213,-0.43806426402949417,-0.4664844308273007,0.12456380931539135,1.9012149844361992,0
-0.15112156618264574,0.4410929928384356,-0.6513174971629717,-0.6163860351283489,1.439584559504075,-1.273715200411243,0.39105587448151974,-0.01648930281679104,-0.016961279525959754,-1.0272839798284503,0.1183382435813239,0.5765718326074392,0.7692025588936376,0
7.595049423427076,-0.8883347041153352,9.715885337395676,4.940264967532102,-0.6618922036586683,9.349634298432008,-1.547170844184273,-1.0002569469480846,-0.35210918182709355,-0.20002280192374464,0.009607353453987834,-0.94048301502613,1.6745665123898852,0
0.03550875572119024,0.1743193268055952,0.6550272105467677,0.1826848371774203,0.9469932459673495,1.0252087283243325,-0.19795678448102633,-0.08943632339801869,-0.011825658407466081,-0.8474053697404271,0.2220137934890456,0.20877180358752656,-0.27962525562840657,0
-0.7777126244645024,-0.6858319190316904,-0.3312061348111329,-0.034522068971953535,-0.6154288641435329,-0.5452196426700452,0.0479946901251534,-0.7114157088610572,-0.6524903970494302,0.3589141581419492,-0.7260589239567949,0.43411974519565816,0.32434588410874793,0
0.6518145456976158,0.11487063015122566,1.0710901520589045,0.5174393019653986,0.1030406922177188,1.0912586306316414,0.22926112138470342,0.17140413877829316,0.384642830369131,0.12217350225095476,0.19824646028094114,-0.34709182423448065,-0.15989952752818626,0
-1.365227858942721,-0.8625534953484613,-0.587672085238872,0.01447781788793544,-0.5812726672026612,-1.1055580275978378,-0.23992805910738718,-1.0035259851714842,-0.5128528677750915,-0.6185577491157764,-0.8136217570660732,0.6645976103767592,-0.09090445941838031,0
-0.15497553152952007,0.6667577631584151,-0.21810122190319794,-0.4415768460147681,0.4012857910134906,-0.7098756292886956,-0.5045492350033706,0.5201848225202207,0.1065312513701182,-0.48597756044608803,0.32657730783699124,0.26960330731848864,0.15804842527323812,0
-0.9887043719701449,-0.8893458855768418,0.36012144236453736,0.6436369101604642,-0.6170256313519813,-0.03177307867118825,-0.2756339642172003,-0.9777001350006271,-0.2915955716892413,-0.5933874528000962,-0.8895559589255753,0.5740777852574085,0.18112799010036307,0
-0.36402736150662307,0.47620970211273816,-0.11162174105020914,-0.14744698337134177,0.45281489581315465,-0.2605541657048147,0.19226930422136435,0.2763558598893347,0.3039796850511458,-0.49530356454336155,0.26556034455276356,0.18719448811967607,0.2729364866248526,0
-0.6724905986050763,-0.2734187857957717,-1.0317891734043214,-0.6164764330015149,0.34870343356174727,-1.3742695571496797,-0.13241456843176105,-0.5099232318640669,-0.7595405982903942,-1.0127614365636892,-0.6218258520510482,0.5606742134295588,0.660358493317307,0
-0.1957640147777595,0.5086717479575417,0.030655901858525396,-0.137052749370499,0.05902333405372574,-0.1573647124565683,0.6249346735010096,0.5459516711470935,-0.10562608586203084,0.04781945418198053,0.29165009345574383,-0.1982770616625559,0.15302843715375877,0
-0.4712169142192882,-0.6513105792537051,-0.9336469063712475,-0.5841430700888809,0.20746149768060185,-1.2768163276301392,0.26362100041534453,-0.8528477980594397,-0.8201974276195706,-1.0512307847856823,-0.7472284523326663,0.8824360550997735,0.8187293799061434,0
-0.1602239610821774,-0.27475932944937,0.11385937461044537,0.0993256127495198,-0.07966960717127126,-0.34554145812107906,-1.0765868504912115,-0.2423683743886766,0.04419231914324316,0.2881707748349827,-0.15889156240053026,0.041254064571682875,-0.016718536042559483,0
-0.5725057772847725,1.0113077898354348,-0.11819116066855723,-0.030515608579853793,-0.057495175239855895,-0.41352856181846454,-0.34982841714859686,1.4390955398849452,0.4778675016708831,0.5718528572475103,0.33551850404108424,-0.6146277601623212,0.5965646390763952,0
-1.0293398196378967,-0.13389093263596485,-0.6726920990256169,0.06767195696919448,-0.7529848859253749,-1.252641282170917,-2.3103211142692364,-0.11259828692237756,0.4937220372242195,0.1813891355487093,-0.6167057720876558,-0.18474652771996292,1.6204059596229625,0
0.3136434215256532,1.7984898095032607,-0.21433632039579975,-0.4085570649415047,1.0036073626616566,-0.09990222905351714,0.3110701162739995,1.3006094376998558,-0.08812515814548803,-0.8767850618384417,0.21755533408895708,0.15579411086082076,1.516609870314276,0
-0.5156244980380533,-0.22445131788916636,-0.3835926179587649,-0.23259540489809105,0.03231280515169493,-0.6566565151780112,-1.2020099282409797,-0.322545937441219,-0.16948593547729182,-0.5433799378625546,-0.1543997522233447,0.45235887878477876,-0.3430839493049975,0
-0.779593012023408,-0.8431902026087233,-0.8325321453225921,-0.17368879147039415,-0.04465732814379554,-1.3929492835850783,0.13613825228933632,-0.935496298749138,-0.6477313961173917,0.5156682047856463,-0.9327605419108921,0.21209125335096737,1.2731148737186708,0
0.45573020644499473,0.3405321755097536,0.3358694573548961,0.14939676974425756,0.16879262375724463,0.03680847678362171,1.0148725924437607,0.3659690409665183,-0.0998518282806733,0.03232157083586358,0.16159174921392708,-0.29209790176521927,0.3982252824810925,0
-0.8425298642746243,-0.7179502810813981,-1.2508848239695578,-0.8207919325113051,0.21157390706161536,-1.4663146985389433,-0.1594049071750359,-0.9416433828139696,-0.49362715800251616,-0.998300012394271,-0.8347086441781073,1.0768126740897381,1.0475677502429293,0
0.46351866724798496,0.8498374376689508,1.0729069867978915,0.7259292901615183,0.1547788091390599,1.1330926803606505,-0.31327410473102074,0.9192418264859865,0.47905608147694007,-0.19491219191903156,0.5021373924498741,-0.23088134899774324,-0.08652381622085498,0
-0.8144053656249935,-0.6696224998833119,-0.8081901739408088,-0.21960230233332328,0.04512499632607807,-1.2851367085631065,-0.05601370866300115,-0.8536995609050726,-0.4246487082880538,-0.6843727964857056,-0.6818698799813435,0.6390621692146305,0.6093606510939682,0
0.18032742579886657,0.02510753859359924,0.5846601201347819,0.1430472911135165,-0.06484152884256478,0.4802031080598956,0.1610546941638486,0.09205649159038166,0.2087874543504472,0.10611310836751885,0.2882606981200461,-0.043645233955200154,-0.5898072443287645,0
-1.3212316839660323,-0.8149274726975804,-0.5276012147015547,0.08596165417927303,-0.627309140767391,-1.0213857375162274,-0.029976721855339946,-0.925252342427425,-0.14714057710135334,-0.1663208009542837,-0.7218852949066992,0.4375551556727981,0.1508598536807504,0
1.0639217884542391,0.0642271185690715,1.457122035627705,0.5147800703903813,-0.16763291842399639,1.323226145999399,0.22576325502543756,0.2245020994654835,0.0522982210376469,0.22247970094443875,0.18718920631526353,-0.3056587638944725,-0.09505268146379803,0
-0.7182909199385105,-0.5993338408659763,-0.7020034845736454,-0.3075105604580192,-0.7648092282810519,-0.8822149315442859,-0.7128474925677374,-0.696362110281209,-0.23902505348506115,-0.15651167466002777,-0.3087233616798591,0.40439158089538296,-0.11448835872319846,0
0.481584967629996,0.40920297886568335,1.0119606839918902,0.23697959036006375,0.10374046157888143,1.056583348770697,0.7803083306613933,0.5461511350633266,0.5589412373606031,0.5734611998975935,0.46479175627644465,-0.30702204561835045,-0.5663252876205532,0
-1.2177955004098282,-0.8247339909619241,0.7151255103056139,0.6799491682855252,-1.2455072707241,0.8626141705898784,1.4994412899798681,-1.0244041799250738,-0.6366589751956019,-0.026804153649291042,0.27546282786143517,0.12067020535155729,-1.606396382496989,0
0.6040460416480252,0.13173648500146712,0.6898509026505977,0.25945878464017647,-0.2927463695366338,0.5144938699347288,-1.1747412585976817,0.3542148753448489,-0.48052567375975336,0.9294083580551847,0.20853664637337233,-0.9095322085342328,0.21927105515517792,0
-0.6364463915486223,-0.8540379326207763,-0.5689894920139167,-0.2888922188671009,-0.6895448841769898,-0.9011340904193698,0.3489515519203187,-0.9526112530566182,-0.3823449916853546,-0.3174886163605174,-0.6244174036125759,0.8905426009928611,-0.38578191117019933,0
0.30490572965080304,1.677362892844518,0.5560215737645657,-0.005346378904530621,0.9220528660134819,0.3407065619641126,-0.0545390938462116,1.5461420729747941,-0.32916103957119813,-0.7620076126402308,0.6551736864330511,-0.6058551835033694,-0.03159050171893047,0
-1.112008494500066,-1.0462442133615077,0.25169516891757154,0.9814793653982247,-1.3558344040470638,0.2752201058982828,0.5941182892505783,-1.1642815331290364,-0.1833351606520893,-0.042960469786606,-1.1443513592648706,0.16010576806430069,0.2761133406454446,0
0.9313489334866182,2.1457023712898815,2.2861250681667356,1.1786912761317136,0.38507112930319065,2.802940856197868,-0.8011918642033046,2.422017421742742,0.22005616598403832,-0.08092330405256441,0.9454289326819468,-1.3257966798366323,0.2064947145228809,0
-0.846691508083463,-0.647753862896971,0.23812710137889068,0.8710275070063852,-0.22783841182052691,0.7127559881842657,0.4492722118795335,-0.8757507328045647,-0.6928334057315321,-1.000879450642388,-0.5435569731815612,0.400093303774253,0.7731736388696215,0
0.6314968218637401,0.8609476032537292,1.0964282444334859,0.5814915816467066,0.30127751981884215,1.2257092396537521,-0.5545084569156535,0.7872908616919556,-0.5071779825564294,-0.4776963470781328,0.3919774460465346,-0.4471739482065931,0.11600016693286962,0
11.614489547717909,-0.8753416465210607,10.531310752519047,4.693870207877886,-0.9776975453594211,8.848952508246938,1.5884515058847217,-0.9420652842654713,-0.3994555997417072,1.0429767016557123,-0.7758925869560206,-1.8160342744189475,1.0749242726368342,0
0.6961038044082539,2.585547754847724,1.7122230074405071,0.791414419576921,1.3453706642305314,2.2706140111656703,-0.5024319183365276,2.3244919597231797,-0.23277057334534088,-0.7189457326103548,0.8706181125127698,-1.1539072219143152,0.059040749548504384,0
-0.049696054242328806,1.2290559386555464,0.7475354071580936,0.7376369852762747,0.09497310421230762,0.8485316576050332,1.5413076488508783,1.6403596277587935,0.6406537980989248,1.1910256991982868,0.543966010653611,-0.9882487196747869,0.5516840000621516,0
-0.837881465009209,-0.13463003831739684,0.0018481403130473535,0.23226402302747207,-0.441939813875442,-0.11068222448964148,0.032632595290539905,-0.1952665772540599,0.31984156064937386,-0.08711485390965772,-0.5351685170626007,-0.08480147525814698,0.9486463298075573,0
0.16545216732829973,2.2941848327358136,-1.0906491207167768,-1.1572150734354878,0.6695370553863688,-1.5171130125967742,0.5619860099658494,1.6520159228243148,-0.2139795260523463,-1.0081985821226505,0.79209677316518,0.5210682776682262,0.07218885446202808,0
-0.35995318846233204,0.18309815735412238,-0.03710278399484234,0.019048391329112877,-0.04707255438185614,-0.2510103446307046,0.8070386639050737,0.16193401134083635,-0.18268310094712187,0.011325844821971482,0.02176076899044725,-0.03644050561249868,-0.1089830102976465,0
0.07983924104990617,1.669103523828685,0.7905771826208535,0.3745518221636767,0.5997238365327754,0.681586953806779,-2.4689034439192037,1.6261037378910903,-0.017411398695564774,-0.34103188076173097,0.6801075611606655,-0.8244652129752309,0.5500825500967933,0
0.8859374163396676,1.293939596957495,1.3879615247415074,0.9975363498292197,0.23101372486322047,1.4367763753575924,-0.02209158435968285,1.5729856936563418,-0.028349436156484928,-0.11426277391916106,0.5322820808726916,-0.7284976129933087,0.5423188270396189,0
0.162664871011099,2.098155516241079,1.5338609931709282,1.2160582625781238,0.2802352170204377,1.7335034785366212,-2.877201558354938,2.3355979166013543,0.22025238019790797,-0.1870414516523954,0.8488075625829785,-1.0522554656149727,0.49531656687215225,0
0.7214851189793229,1.2897367439693392,1.1302762980617855,0.4216063494210147,0.1099026821267506,1.4154445520944816,0.6388597321880675,1.6916721120838298,0.07036977797557041,0.715178084286727,0.6925344040240653,-1.0073730200451476,0.20753485769470903,0
0.46407315226229445,0.9665789615859931,0.7104693635047946,0.22011369298458275,-0.09167052139786254,0.610524451503637,-1.754343469086153,1.2976216426186593,0.21695874410569757,0.32664845783000185,0.4680142751135028,-0.6986059143532013,0.147281155589801,0
0.41079677873545634,0.39230480504691906,0.8475019466733933,0.31150808968824617,0.11158744894538926,0.9278058338363391,0.2845615337012776,0.430913453625619,-0.6313399723107878,0.009870566041876474,0.2351738629959882,-0.4082503966451079,-0.35268856541716687,0
0.18191182642718798,0.4772730377895435,0.4615178684099214,0.1968048052936349,1.0636702869859591,-0.045610717166164105,0.7677285824103449,0.21150094147752196,-0.5251382196006414,-0.9556682146380907,0.24213375329154976,-0.04301696475507933,0.1458875250947116,0
0.011795884031027633,0.26855706971541343,0.6701967007698232,0.39621326812829083,0.454558498891224,0.4761364364021393,0.07627555805421955,0.0766694081525486,-0.3133827077902191,-0.6046761481396913,0.1822879908265744,0.050707241419501684,-0.0709109614337261,0
0.19576401477775907,0.36151412148200907,0.2710149166410778,0.04349216749637618,0.57941549460284,-0.16296744258664483,0.09952366791107145,0.26676802326948373,-0.443854969793022,-0.5533756604072364,0.20486928702414398,-0.09166605217399582,-0.3894966655258922,0
-0.31045749161356234,1.7867523369006952,0.06983754827576241,-0.2048489137112648,1.2539695914513758,-0.05562556113699871,0.700066199460262,1.658296929862374,0.2331412521482039,-0.7018944433306356,0.7358492162322156,-0.24121552993451514,-0.058112857775187085,0
0.26827727052969114,1.6944569223866903,0.18253623123381174,-0.1649455670931018,1.3123105197265978,0.12202857474428885,0.19330217472358718,1.5144485204793399,-0.45014671335391326,-0.6566360251606699,0.5836907097977223,-0.4136598152716096,0.1755322529044926,0
-0.23431163327903423,1.5162205851439412,-1.2900662228586417,-1.0584799274765397,1.6922958718362844,-1.5360115072766052,-0.7619125800419116,0.945610201854348,-0.06184286050272213,-0.9550749259461692,-0.0627733966736527,0.3276458072173946,1.9221689938330457,0
-1.3564859780863434,-0.12995387889000576,-0.5375432133906155,-0.01464346452323658,-0.6114545711105778,-0.7429573804423023,-0.5937131414466984,-0.22767125877797986,0.2547073010275755,-0.07859896215235228,-0.589663809453278,0.26055658763894457,1.5041248653879635,0
0.4710392203083563,0.20937066992575032,0.8206225971233475,0.3756836320195106,-0.0027579335083586817,0.6786634513038404,-0.023715262958514734,0.2522470305740169,-0.49536478373267906,-0.14621481991459334,0.2204620014487966,-0.17315461904229568,-0.5652035206500741,0
-0.11682691204479201,0.8699039800671025,0.21087040722698713,-0.1326985526044818,0.0003190709392505699,0.06671590738868638,-1.4013279499199827,1.1953481360508496,0.5808880964084775,0.5258333913341603,0.4393664480392441,-0.6063921708083471,-0.01794802252278977,0
0.0,-0.11993596960407953,0.34511880840730635,0.30490430716163286,-0.3205262276271716,-0.07542478430419905,-0.30441841543327425,-0.01012296519374283,-0.4348594325651412,0.174975081962743,-0.1171596859730064,-0.24144150465864747,0.3806598310511873,0
0.6903935662702124,0.5571988872565268,0.9843095366922723,0.29157483555103786,0.721636654341303,0.9177224274012946,-0.09629580384605885,0.46344292255784036,-0.44445371260973854,-0.6507819013884022,0.4402107621976786,-0.40154132601968134,-0.5558640947318138,0
-0.07510781349401704,1.1518935690592895,0.7986383358753213,0.34633472791110737,0.5973932841366888,0.9072440257251072,-0.1857317484650503,1.2304469764953914,-0.30497136806369574,-0.41330309756491557,0.5499013454586295,-0.6807904833718282,-0.06044294581135947,0
-0.05036572213401718,0.46803113051821243,0.3013922540244253,-0.11618708484414697,0.12277102970376456,0.24658404235730155,0.23981323046036906,0.5723317537541537,-0.43590230358517507,0.1107195853744284,0.25428655576225384,-0.11271767907307555,-0.08655145576219189,0
-0.1629863225953208,0.8242201471040158,0.2377801714579642,0.006744092065203128,0.4730709359028944,0.0038077021016390453,-0.06050245454499914,0.9380994449103389,-0.22271608088005332,0.03954210431003208,0.4583727125903596,-0.2465628055118801,0.03968465424776425,0
-0.4377888432501926,0.53265831769227,0.1837434317126179,0.051585432713295624,-0.1808944139186442,-0.07870046687609643,-0.8017389610623247,0.7878637326399773,0.020756567768267613,0.3396069708125167,0.3348909699337834,-0.40344605507598746,0.21959426348540695,0
-0.09499908711516425,0.7317688247761927,-0.1544704891400275,-0.23329469089059507,0.3019387098081994,-0.4836703003428443,0.4440249681483269,1.0033217452896732,0.5885492332556501,0.26592554293891646,0.2932369528572051,0.011696570655159572,-0.12116691852679944,0
0.20839395121503404,0.5274535073258986,0.77652780755489,0.8368249533175973,-0.3586895459414747,0.6045433325272044,-0.39473450736815097,1.0101671489983697,0.8181376920930096,0.831878495964306,0.16038915942799445,-0.5841080896572556,0.3646509589078209,0
-0.6971993635427653,0.6248748766972398,0.05062978320662854,0.10376417204308312,-0.25851974534196664,-0.3320224650525668,0.5512031676636687,1.0112279276913911,0.06537687899471555,0.32148858852164924,0.30835478654766924,-0.6853819329640038,0.2922396434887616,0
0.1857553859029264,1.032072900496346,0.24176719164742916,-0.061220709503132596,0.7519407635460545,0.04217834411685063,-0.3670277654000301,0.8771309378722802,-0.6896286339613804,-0.6659903543416485,0.26239361469945255,-0.2581148712776617,0.33053739037311297,0
-1.238928494569973,-0.16396851827308243,-0.962126822914143,-0.20857352645450036,-0.6094860617537687,-1.491460357985762,0.140558706071756,-0.1999129794579599,0.2888670604174865,-0.060539554898490146,-0.6841905790921035,-0.040086429385277886,1.718306808669832,0
-0.518597512003718,0.42679236942217763,0.24809214242851746,0.5135686625423397,-0.27061586745622707,0.2641535793505735,0.6040664448518347,0.43721714037713955,-0.15174283266532934,-0.19768255150231728,-0.03428570237472299,-0.3624028011351072,0.653027142328399,0
0.4653984717409711,0.5683189011106835,0.7948589334198529,0.39212822359017274,0.08434793234880994,0.7816523255236478,1.4209632685288838,0.7837439112561915,-0.2690941537434046,0.4299131320788518,0.33327823915744115,-0.6402199923406466,0.08870868461281337,0
0.24544176476436894,1.8613053312357908,0.9026139281787346,0.46084105230332023,1.166189045327004,0.903952452183643,-0.36021908699775335,1.928746144938554,-0.1308358699659477,0.3682566580174458,0.7949136876984186,-1.0446130599118464,0.2545559426308701,0
0.1692589369023405,2.9091459351927003,0.558893850002811,0.055518446330036844,1.3704921310232583,0.4363668579475979,-0.5554545124990657,2.8118412841322336,-0.07405262896625282,-0.17126467870511944,1.048532247013511,-0.8857500338962089,0.15829215124675755,0
0.5795908635788344,1.609786426407732,0.9633543178480085,0.557796489402985,-0.267800858293772,0.5703655098047304,0.005264582037618204,2.3564723150746127,0.5082293290369536,0.6926804962495413,0.7493995633990913,-1.3515591661294812,0.44009485492179057,0
0.07307320367279307,0.8014453306268624,1.1090310034998967,0.5851616453293097,0.7549200737354308,1.478659029072313,-0.16168111636582388,0.6280236760533573,-0.2263610514473925,-0.5790700159601081,0.4896501013029854,-0.336343158080024,-0.11887926092165259,0
0.6544512301505222,1.1591185230203644,0.807211186856103,0.3665983490976432,0.8178341928115646,0.8201238486047719,-1.0366438443126693,1.090703693217443,0.0,-0.3069098121660897,0.5088872464176112,-0.3152971805490477,-0.10740974768435414,0
0.8497579109203951,1.4352064325566583,2.379568570574529,1.161377677569345,0.09741244159925895,2.344986790416394,-0.8582775347593438,1.4259241615853657,0.5748232882964588,0.05062517251312634,0.8997686535065155,-0.44293900347525356,0.34850189701875434,0
1.2919623074605868,1.4288875887323869,1.662934335276391,0.6941902961048627,1.2969604308723077,2.1787450689228924,-0.1335892103122008,1.1703477931610131,0.028313335901528836,-0.6012770478388342,0.6745090446817034,-0.2479094364666121,-0.155714203756109,0
-0.4501670201571593,0.01917614094454757,-0.11524458390752812,-0.076765084459794,0.20139987904438053,-0.2534605181569771,0.36619457908201203,-0.012556993189228347,-0.19009996103972315,0.054273265006065066,-0.11669988665640348,0.030112023996137164,-0.11519961625360402,0
-1.2823896175418685,0.2510612723950166,-0.31890132681347777,0.40931200315948274,-0.7314505945575718,-0.9272582378819242,-0.8979539268438469,0.2500427387688882,0.3439705338853881,-0.33759183285109967,-0.5055374551297173,-0.13626127197604204,1.684111367331596,0
-0.08673415532944921,0.39720015782198437,0.2068117123770072,0.36830946939743503,0.07662374669943152,0.0713624864688675,0.46959322028293626,0.4062228137344034,-0.0062720162188805864,-0.17458986370001311,-0.21894012701741572,-0.5284499204331106,1.063492309334974,0
-0.13206520492020551,0.5017952632182326,0.303358219561697,0.10787288471531079,0.21301442276426916,0.16229664400215907,-0.29637255040589433,0.7474710649962379,0.00012510179986753694,0.3771884660864893,0.32779412074845043,-0.5735425819634113,0.21352740906242307,0
-0.2266371927355454,1.005809750716028,-0.9755528451879374,-0.8621289137539007,1.3542003661261837,-1.2375228040421389,-0.3082708706408602,0.6412531007038057,-0.48815761899079757,-0.8516828420533211,0.0,-0.00888110399356785,1.287574487318879,0
-1.1098556644255233,-0.5188149452620011,-0.9392190654906326,0.1690055718603003,-0.9102459593888215,-1.787116009758192,1.5851161152006827,-0.5609439659226285,-0.09621299206810387,-0.23828266859506844,-1.1834480338490767,0.07218227359116643,1.911762084007473,0
-0.580977076114641,0.3283868319761099,-0.7019883388060886,-0.3991850594360727,0.33106125549673215,-0.77932901123322,0.7525191663428382,0.15930649550912274,0.11758142371113114,-0.5351700266596338,-0.3712438074228039,0.06181241243479434,1.3051533352111622,0
0.09284346891655468,0.3127968134884116,0.28227391715440575,0.046213055181895515,0.013839581309115568,0.22356741486763648,-1.1433116175117293,0.39433803157721464,-0.12020082059658385,0.029785624074800576,0.15898940769510314,-0.2594091712436458,0.1186822482630417,0
0.8163434339584275,-0.41488910605941126,-0.06981219637781877,-1.793006607100012,-0.016270409220052164,0.4593056393580936,-11.898520543487058,-0.6135523044156375,-0.8132316852801723,-0.721252278782228,-0.06138737761368344,0.20893206724056276,-2.0295278449205596,1
0.8163434339584275,-0.41488910605941126,-0.06981219637781877,-1.793006607100012,-0.016270409220052164,0.4593056393580936,-11.898520543487058,-0.6135523044156375,-0.8132316852801723,-0.721252278782228,-0.06138737761368344,0.20893206724056276,-2.0295278449205596,1
0.8163434339584275,-0.41488910605941126,-0.06981219637781877,-1.793006607100012,-0.016270409220052164,0.4593056393580936,-11.898520543487058,-0.6135523044156375,-0.8132316852801723,-0.721252278782228,-0.06138737761368344,0.20893206724056276,-2.0295278449205596,1
0.8163434339584275,-0.41488910605941126,-0.06981219637781877,-1.793006607100012,-0.016270409220052164,0.4593056393580936,-11.898520543487058,-0.6135523044156375,-0.8132316852801723,-0.721252278782228,-0.06138737761368344,0.20893206724056276,-2.0295278449205596,1
0.8163434339584275,-0.41488910605941126,-0.06981219637781877,-1.793006607100012,-0.016270409220052164,0.4593056393580936,-11.898520543487058,-0.6135523044156375,-0.8132316852801723,-0.721252278782228,-0.06138737761368344,0.20893206724056276,-2.0295278449205596,1
0.8163434339584275,-0.41488910605941126,-0.06981219637781877,-1.793006607100012,-0.016270409220052164,0.4593056393580936,-11.898520543487058,-0.6135523044156375,-0.8132316852801723,-0.721252278782228,-0.06138737761368344,0.20893206724056276,-2.0295278449205596,1
0.8163434339584275,-0.41488910605941126,-0.06981219637781877,-1.793006607100012,-0.016270409220052164,0.4593056393580936,-11.898520543487058,-0.6135523044156375,-0.8132316852801723,-0.721252278782228,-0.06138737761368344,0.20893206724056276,-2.0295278449205596,1
0.8163434339584275,-0.41488910605941126,-0.06981219637781877,-1.793006607100012,-0.016270409220052164,0.4593056393580936,-11.898520543487058,-0.6135523044156375,-0.8132316852801723,-0.721252278782228,-0.06138737761368344,0.20893206724056276,-2.0295278449205596,1
0.8163434339584275,-0.41488910605941126,-0.06981219637781877,-1.793006607100012,-0.016270409220052164,0.4593056393580936,-11.898520543487058,-0.6135523044156375,-0.8132316852801723,-0.721252278782228,-0.06138737761368344,0.20893206724056276,-2.0295278449205596,1
0.26767732632876795,-0.9460753848956815,-0.32625464762673384,-1.578467760833235,-1.0373610739159376,0.23227745422273985,-0.5545947536101052,-1.045322076423287,-0.552687172599978,-0.7699547604637251,-1.1027452839303697,0.07199852046022714,-1.5012367873032215,1
0.26767732632876795,-0.9460753848956815,-0.32625464762673384,-1.578467760833235,-1.0373610739159376,0.23227745422273985,-0.5545947536101052,-1.045322076423287,-0.552687172599978,-0.7699547604637251,-1.1027452839303697,0.07199852046022714,-1.5012367873032215,1
0.26767732632876795,-0.9460753848956815,-0.32625464762673384,-1.578467760833235,-1.0373610739159376,0.23227745422273985,-0.5545947536101052,-1.045322076423287,-0.552687172599978,-0.7699547604637251,-1.1027452839303697,0.07199852046022714,-1.5012367873032215,1
0.26767732632876795,-0.9460753848956815,-0.32625464762673384,-1.578467760833235,-1.0373610739159376,0.23227745422273985,-0.5545947536101052,-1.045322076423287,-0.552687172599978,-0.7699547604637251,-1.1027452839303697,0.07199852046022714,-1.5012367873032215,1
0.26767732632876795,-0.9460753848956815,-0.32625464762673384,-1.578467760833235,-1.0373610739159376,0.23227745422273985,-0.5545947536101052,-1.045322076423287,-0.552687172599978,-0.7699547604637251,-1.1027452839303697,0.07199852046022714,-1.5012367873032215,1
0.26767732632876795,-0.9460753848956815,-0.32625464762673384,-1.578467760833235,-1.0373610739159376,0.23227745422273985,-0.5545947536101052,-1.045322076423287,-0.552687172599978,-0.7699547604637251,-1.1027452839303697,0.07199852046022714,-1.5012367873032215,1
0.26767732632876795,-0.9460753848956815,-0.32625464762673384,-1.578467760833235,-1.0373610739159376,0.23227745422273985,-0.5545947536101052,-1.045322076423287,-0.552687172599978,-0.7699547604637251,-1.1027452839303697,0.07199852046022714,-1.5012367873032215,1
0.26767732632876795,-0.9460753848956815,-0.32625464762673384,-1.578467760833235,-1.0373610739159376,0.23227745422273985,-0.5545947536101052,-1.045322076423287,-0.552687172599978,-0.7699547604637251,-1.1027452839303697,0.07199852046022714,-1.5012367873032215,1
0.26767732632876795,-0.9460753848956815,-0.32625464762673384,-1.578467760833235,-1.0373610739159376,0.23227745422273985,-0.5545947536101052,-1.045322076423287,-0.552687172599978,-0.7699547604637251,-1.1027452839303697,0.07199852046022714,-1.5012367873032215,1
-0.677997951473709,-0.8926416921490637,-0.6041190513479926,-1.482312611450417,-0.6424114059793664,0.18411819933051343,-0.3946821173531894,-1.0412304209903442,-0.6105157447993735,-0.8516694542228654,-1.1074749636206782,-0.3599283779058567,-1.2482996502776305,1
-1.0816638420208995,-0.8641243289912868,-1.1485743890798552,-1.5965543496363261,-0.7770152323064177,-0.5012030637879417,1.4138264307205968,-0.9679101403301148,-0.46890654460260783,-0.4446008191435975,-1.1007577247511322,-0.5273063693949347,-0.5389752891544232,1
0.3750677025593893,-0.8952442013632641,0.0,-1.2348883515247477,-0.7056247780268131,0.2735075404976543,0.39983573028139663,-0.9646911395306915,-0.7113814656179039,-0.8244712426066514,-1.2769344309008681,-0.39978199385824514,-0.9774379669090446,1
0.3750677025593893,-0.8952442013632641,0.0,-1.2348883515247477,-0.7056247780268131,0.2735075404976543,0.39983573028139663,-0.9646911395306915,-0.7113814656179039,-0.8244712426066514,-1.2769344309008681,-0.39978199385824514,-0.9774379669090446,1
0.3750677025593893,-0.8952442013632641,0.0,-1.2348883515247477,-0.7056247780268131,0.2735075404976543,0.39983573028139663,-0.9646911395306915,-0.7113814656179039,-0.8244712426066514,-1.2769344309008681,-0.39978199385824514,-0.9774379669090446,1
0.3750677025593893,-0.8952442013632641,0.0,-1.2348883515247477,-0.7056247780268131,0.2735075404976543,0.39983573028139663,-0.9646911395306915,-0.7113814656179039,-0.8244712426066514,-1.2769344309008681,-0.39978199385824514,-0.9774379669090446,1
0.3750677025593893,-0.8952442013632641,0.0,-1.2348883515247477,-0.7056247780268131,0.2735075404976543,0.39983573028139663,-0.9646911395306915,-0.7113814656179039,-0.8244712426066514,-1.2769344309008681,-0.39978199385824514,-0.9774379669090446,1
0.3750677025593893,-0.8952442013632641,0.0,-1.2348883515247477,-0.7056247780268131,0.2735075404976543,0.39983573028139663,-0.9646911395306915,-0.7113814656179039,-0.8244712426066514,-1.2769344309008681,-0.39978199385824514,-0.9774379669090446,1
0.3750677025593893,-0.8952442013632641,0.0,-1.2348883515247477,-0.7056247780268131,0.2735075404976543,0.39983573028139663,-0.9646911395306915,-0.7113814656179039,-0.8244712426066514,-1.2769344309008681,-0.39978199385824514,-0.9774379669090446,1
0.3750677025593893,-0.8952442013632641,0.0,-1.2348883515247477,-0.7056247780268131,0.2735075404976543,0.39983573028139663,-0.9646911395306915,-0.7113814656179039,-0.8244712426066514,-1.2769344309008681,-0.39978199385824514,-0.9774379669090446,1
0.3750677025593893,-0.8952442013632641,0.0,-1.2348883515247477,-0.7056247780268131,0.2735075404976543,0.39983573028139663,-0.9646911395306915,-0.7113814656179039,-0.8244712426066514,-1.2769344309008681,-0.39978199385824514,-0.9774379669090446,1
-1.03306668612759,-1.0087582670846493,-1.1867561131099693,-1.2831344347397926,-1.367962609457662,-0.7601787820242183,3.587760836200904,-0.9665112967505801,-0.9383331035938529,1.2279280041808012,-1.57882946619629,-1.4729459194911525,0.6570272562730305,1
-1.03306668612759,-1.0087582670846493,-1.1867561131099693,-1.2831344347397926,-1.367962609457662,-0.7601787820242183,3.587760836200904,-0.9665112967505801,-0.9383331035938529,1.2279280041808012,-1.57882946619629,-1.4729459194911525,0.6570272562730305,1
-1.03306668612759,-1.0087582670846493,-1.1867561131099693,-1.2831344347397926,-1.367962609457662,-0.7601787820242183,3.587760836200904,-0.9665112967505801,-0.9383331035938529,1.2279280041808012,-1.57882946619629,-1.4729459194911525,0.6570272562730305,1
-1.03306668612759,-1.0087582670846493,-1.1867561131099693,-1.2831344347397926,-1.367962609457662,-0.7601787820242183,3.587760836200904,-0.9665112967505801,-0.9383331035938529,1.2279280041808012,-1.57882946619629,-1.4729459194911525,0.6570272562730305,1
-1.03306668612759,-1.0087582670846493,-1.1867561131099693,-1.2831344347397926,-1.367962609457662,-0.7601787820242183,3.587760836200904,-0.9665112967505801,-0.9383331035938529,1.2279280041808012,-1.57882946619629,-1.4729459194911525,0.6570272562730305,1
-1.03306668612759,-1.0087582670846493,-1.1867561131099693,-1.2831344347397926,-1.367962609457662,-0.7601787820242183,3.587760836200904,-0.9665112967505801,-0.9383331035938529,1.2279280041808012,-1.57882946619629,-1.4729459194911525,0.6570272562730305,1
-1.03306668612759,-1.0087582670846493,-1.1867561131099693,-1.2831344347397926,-1.367962609457662,-0.7601787820242183,3.587760836200904,-0.9665112967505801,-0.9383331035938529,1.2279280041808012,-1.57882946619629,-1.4729459194911525,0.6570272562730305,1
-1.03306668612759,-1.0087582670846493,-1.1867561131099693,-1.2831344347397926,-1.367962609457662,-0.7601787820242183,3.587760836200904,-0.9665112967505801,-0.9383331035938529,1.2279280041808012,-1.57882946619629,-1.4729459194911525,0.6570272562730305,1
-1.03306668612759,-1.0087582670846493,-1.1867561131099693,-1.2831344347397926,-1.367962609457662,-0.7601787820242183,3.587760836200904,-0.9665112967505801,-0.9383331035938529,1.2279280041808012,-1.57882946619629,-1.4729459194911525,0.6570272562730305,1
0.6046810872541537,-0.7575960846055113,-0.10621707736155261,-1.2420801833326593,-0.8660519929682242,0.14246571054961085,6.532582601446306,-0.7438833351620792,-0.8366030454001409,0.4758049413093199,-1.0351822497355234,-1.3492455417565612,-0.3566889781676507,1
0.6046810872541537,-0.7575960846055113,-0.10621707736155261,-1.2420801833326593,-0.8660519929682242,0.14246571054961085,6.532582601446306,-0.7438833351620792,-0.8366030454001409,0.4758049413093199,-1.0351822497355234,-1.3492455417565612,-0.3566889781676507,1
0.6046810872541537,-0.7575960846055113,-0.10621707736155261,-1.2420801833326593,-0.8660519929682242,0.14246571054961085,6.532582601446306,-0.7438833351620792,-0.8366030454001409,0.4758049413093199,-1.0351822497355234,-1.3492455417565612,-0.3566889781676507,1
0.6046810872541537,-0.7575960846055113,-0.10621707736155261,-1.2420801833326593,-0.8660519929682242,0.14246571054961085,6.532582601446306,-0.7438833351620792,-0.8366030454001409,0.4758049413093199,-1.0351822497355234,-1.3492455417565612,-0.3566889781676507,1
0.6046810872541537,-0.7575960846055113,-0.10621707736155261,-1.2420801833326593,-0.8660519929682242,0.14246571054961085,6.532582601446306,-0.7438833351620792,-0.8366030454001409,0.4758049413093199,-1.0351822497355234,-1.3492455417565612,-0.3566889781676507,1
0.6046810872541537,-0.7575960846055113,-0.10621707736155261,-1.2420801833326593,-0.8660519929682242,0.14246571054961085,6.532582601446306,-0.7438833351620792,-0.8366030454001409,0.4758049413093199,-1.0351822497355234,-1.3492455417565612,-0.3566889781676507,1
0.6046810872541537,-0.7575960846055113,-0.10621707736155261,-1.2420801833326593,-0.8660519929682242,0.14246571054961085,6.532582601446306,-0.7438833351620792,-0.8366030454001409,0.4758049413093199,-1.0351822497355234,-1.3492455417565612,-0.3566889781676507,1
0.6046810872541537,-0.7575960846055113,-0.10621707736155261,-1.2420801833326593,-0.8660519929682242,0.14246571054961085,6.532582601446306,-0.7438833351620792,-0.8366030454001409,0.4758049413093199,-1.0351822497355234,-1.3492455417565612,-0.3566889781676507,1
0.6046810872541537,-0.7575960846055113,-0.10621707736155261,-1.2420801833326593,-0.8660519929682242,0.14246571054961085,6.532582601446306,-0.7438833351620792,-0.8366030454001409,0.4758049413093199,-1.0351822497355234,-1.3492455417565612,-0.3566889781676507,1
-0.1340085463539533,-0.5491937700402745,-0.5674348425351844,-1.2322043360686923,-1.1485948760475353,-0.2668228281393112,-24.50364031883236,0.0,-1.1890136184482214,25.77290598504393,-0.4574512747598871,-2.3128966748414017,0.0,1
-0.1340085463539533,-0.5491937700402745,-0.5674348425351844,-1.2322043360686923,-1.1485948760475353,-0.2668228281393112,-24.50364031883236,0.0,-1.1890136184482214,25.77290598504393,-0.4574512747598871,-2.3128966748414017,0.0,1
-0.1340085463539533,-0.5491937700402745,-0.5674348425351844,-1.2322043360686923,-1.1485948760475353,-0.2668228281393112,-24.50364031883236,0.0,-1.1890136184482214,25.77290598504393,-0.4574512747598871,-2.3128966748414017,0.0,1
-0.1340085463539533,-0.5491937700402745,-0.5674348425351844,-1.2322043360686923,-1.1485948760475353,-0.2668228281393112,-24.50364031883236,0.0,-1.1890136184482214,25.77290598504393,-0.4574512747598871,-2.3128966748414017,0.0,1
-0.1340085463539533,-0.5491937700402745,-0.5674348425351844,-1.2322043360686923,-1.1485948760475353,-0.2668228281393112,-24.50364031883236,0.0,-1.1890136184482214,25.77290598504393,-0.4574512747598871,-2.3128966748414017,0.0,1
-0.1340085463539533,-0.5491937700402745,-0.5674348425351844,-1.2322043360686923,-1.1485948760475353,-0.2668228281393112,-24.50364031883236,0.0,-1.1890136184482214,25.77290598504393,-0.4574512747598871,-2.3128966748414017,0.0,1
-0.1340085463539533,-0.5491937700402745,-0.5674348425351844,-1.2322043360686923,-1.1485948760475353,-0.2668228281393112,-24.50364031883236,0.0,-1.1890136184482214,25.77290598504393,-0.4574512747598871,-2.3128966748414017,0.0,1
-0.1340085463539533,-0.5491937700402745,-0.5674348425351844,-1.2322043360686923,-1.1485948760475353,-0.2668228281393112,-24.50364031883236,0.0,-1.1890136184482214,25.77290598504393,-0.4574512747598871,-2.3128966748414017,0.0,1
-0.1340085463539533,-0.5491937700402745,-0.5674348425351844,-1.2322043360686923,-1.1485948760475353,-0.2668228281393112,-24.50364031883236,0.0,-1.1890136184482214,25.77290598504393,-0.4574512747598871,-2.3128966748414017,0.0,1
-0.534601528259029,-0.2382251282477009,-0.9396138462779147,-2.1573875398368902,-0.09499883367679558,-0.2918757388010358,0.29581292485606137,-0.5224282527509563,-1.0763730750559464,-0.9222511647624165,-0.3963774189735518,0.5852581820690244,-1.6298258390169527,1
-0.534601528259029,-0.2382251282477009,-0.9396138462779147,-2.1573875398368902,-0.09499883367679558,-0.2918757388010358,0.29581292485606137,-0.5224282527509563,-1.0763730750559464,-0.9222511647624165,-0.3963774189735518,0.5852581820690244,-1.6298258390169527,1
-0.534601528259029,-0.2382251282477009,-0.9396138462779147,-2.1573875398368902,-0.09499883367679558,-0.2918757388010358,0.29581292485606137,-0.5224282527509563,-1.0763730750559464,-0.9222511647624165,-0.3963774189735518,0.5852581820690244,-1.6298258390169527,1
-0.534601528259029,-0.2382251282477009,-0.9396138462779147,-2.1573875398368902,-0.09499883367679558,-0.2918757388010358,0.29581292485606137,-0.5224282527509563,-1.0763730750559464,-0.9222511647624165,-0.3963774189735518,0.5852581820690244,-1.6298258390169527,1
-0.534601528259029,-0.2382251282477009,-0.9396138462779147,-2.1573875398368902,-0.09499883367679558,-0.2918757388010358,0.29581292485606137,-0.5224282527509563,-1.0763730750559464,-0.9222511647624165,-0.3963774189735518,0.5852581820690244,-1.6298258390169527,1
-0.534601528259029,-0.2382251282477009,-0.9396138462779147,-2.1573875398368902,-0.09499883367679558,-0.2918757388010358,0.29581292485606137,-0.5224282527509563,-1.0763730750559464,-0.9222511647624165,-0.3963774189735518,0.5852581820690244,-1.6298258390169527,1
-0.534601528259029,-0.2382251282477009,-0.9396138462779147,-2.1573875398368902,-0.09499883367679558,-0.2918757388010358,0.29581292485606137,-0.5224282527509563,-1.0763730750559464,-0.9222511647624165,-0.3963774189735518,0.5852581820690244,-1.6298258390169527,1
-0.534601528259029,-0.2382251282477009,-0.9396138462779147,-2.1573875398368902,-0.09499883367679558,-0.2918757388010358,0.29581292485606137,-0.5224282527509563,-1.0763730750559464,-0.9222511647624165,-0.3963774189735518,0.5852581820690244,-1.6298258390169527,1
-0.534601528259029,-0.2382251282477009,-0.9396138462779147,-2.1573875398368902,-0.09499883367679558,-0.2918757388010358,0.29581292485606137,-0.5224282527509563,-1.0763730750559464,-0.9222511647624165,-0.3963774189735518,0.5852581820690244,-1.6298258390169527,1
-1.0850857459817405,-0.88938167224585,-1.105077505044002,-1.5133726149315165,-0.7037236110651482,-0.46168302351899976,1.3352046390260108,-0.9774075275095618,-0.46421627173751023,-0.4071865713810746,-1.148996435880924,-0.5966898270936563,-0.48910618603811723,1
-1.0850857459817405,-0.88938167224585,-1.105077505044002,-1.5133726149315165,-0.7037236110651482,-0.46168302351899976,1.3352046390260108,-0.9774075275095618,-0.46421627173751023,-0.4071865713810746,-1.148996435880924,-0.5966898270936563,-0.48910618603811723,1
-1.0850857459817405,-0.88938167224585,-1.105077505044002,-1.5133726149315165,-0.7037236110651482,-0.46168302351899976,1.3352046390260108,-0.9774075275095618,-0.46421627173751023,-0.4071865713810746,-1.148996435880924,-0.5966898270936563,-0.48910618603811723,1
-1.0850857459817405,-0.88938167224585,-1.105077505044002,-1.5133726149315165,-0.7037236110651482,-0.46168302351899976,1.3352046390260108,-0.9774075275095618,-0.46421627173751023,-0.4071865713810746,-1.148996435880924,-0.5966898270936563,-0.48910618603811723,1
-1.0850857459817405,-0.88938167224585,-1.105077505044002,-1.5133726149315165,-0.7037236110651482,-0.46168302351899976,1.3352046390260108,-0.9774075275095618,-0.46421627173751023,-0.4071865713810746,-1.148996435880924,-0.5966898270936563,-0.48910618603811723,1
-1.0850857459817405,-0.88938167224585,-1.105077505044002,-1.5133726149315165,-0.7037236110651482,-0.46168302351899976,1.3352046390260108,-0.9774075275095618,-0.46421627173751023,-0.4071865713810746,-1.148996435880924,-0.5966898270936563,-0.48910618603811723,1
-1.0850857459817405,-0.88938167224585,-1.105077505044002,-1.5133726149315165,-0.7037236110651482,-0.46168302351899976,1.3352046390260108,-0.9774075275095618,-0.46421627173751023,-0.4071865713810746,-1.148996435880924,-0.5966898270936563,-0.48910618603811723,1
-1.0850857459817405,-0.88938167224585,-1.105077505044002,-1.5133726149315165,-0.7037236110651482,-0.46168302351899976,1.3352046390260108,-0.9774075275095618,-0.46421627173751023,-0.4071865713810746,-1.148996435880924,-0.5966898270936563,-0.48910618603811723,1
-1.0850857459817405,-0.88938167224585,-1.105077505044002,-1.5133726149315165,-0.7037236110651482,-0.46168302351899976,1.3352046390260108,-0.9774075275095618,-0.46421627173751023,-0.4071865713810746,-1.148996435880924,-0.5966898270936563,-0.48910618603811723,1
-0.3153769422131346,-0.213148868312479,-0.19491650619016154,-1.1266810241755507,-1.0096954744522668,0.36115212760771465,73.99621614535889,0.06442961255407856,2.4253903093292677,5.8217092531989625,-0.218015378631863,-1.732195570419671,-0.5924445545820681,1
-0.3153769422131346,-0.213148868312479,-0.19491650619016154,-1.1266810241755507,-1.0096954744522668,0.36115212760771465,73.99621614535889,0.06442961255407856,2.4253903093292677,5.8217092531989625,-0.218015378631863,-1.732195570419671,-0.5924445545820681,1
-0.3153769422131346,-0.213148868312479,-0.19491650619016154,-1.1266810241755507,-1.0096954744522668,0.36115212760771465,73.99621614535889,0.06442961255407856,2.4253903093292677,5.8217092531989625,-0.218015378631863,-1.732195570419671,-0.5924445545820681,1
-0.3153769422131346,-0.213148868312479,-0.19491650619016154,-1.1266810241755507,-1.0096954744522668,0.36115212760771465,73.99621614535889,0.06442961255407856,2.4253903093292677,5.8217092531989625,-0.218015378631863,-1.732195570419671,-0.5924445545820681,1
-0.3153769422131346,-0.213148868312479,-0.19491650619016154,-1.1266810241755507,-1.0096954744522668,0.36115212760771465,73.99621614535889,0.06442961255407856,2.4253903093292677,5.8217092531989625,-0.218015378631863,-1.732195570419671,-0.5924445545820681,1
-0.3153769422131346,-0.213148868312479,-0.19491650619016154,-1.1266810241755507,-1.0096954744522668,0.36115212760771465,73.99621614535889,0.06442961255407856,2.4253903093292677,5.8217092531989625,-0.218015378631863,-1.732195570419671,-0.5924445545820681,1
-0.3153769422131346,-0.213148868312479,-0.19491650619016154,-1.1266810241755507,-1.0096954744522668,0.36115212760771465,73.99621614535889,0.06442961255407856,2.4253903093292677,5.8217092531989625,-0.218015378631863,-1.732195570419671,-0.5924445545820681,1
-0.3153769422131346,-0.213148868312479,-0.19491650619016154,-1.1266810241755507,-1.0096954744522668,0.36115212760771465,73.99621614535889,0.06442961255407856,2.4253903093292677,5.8217092531989625,-0.218015378631863,-1.732195570419671,-0.5924445545820681,1
-0.3153769422131346,-0.213148868312479,-0.19491650619016154,-1.1266810241755507,-1.0096954744522668,0.36115212760771465,73.99621614535889,0.06442961255407856,2.4253903093292677,5.8217092531989625,-0.218015378631863,-1.732195570419671,-0.5924445545820681,1
